Workbook
Name ENTRY: #REF!
Name INV: #REF!

Sheet Summary
A1: SUMMARY
A3: S. No | B3: Vendor | C3: Style | D3: Balance | E3: Unit | F3: Invoice Date | G3: Invoice No. | H3: Invoice Amount | I3: Bill Status | J3: Sheet Name | K3: gid
A4: =IF(B4="","",COUNTA($B$4:B4)) -> 1 | B4: ='A Kida'!C2 -> AMAN EMBROIDERY | C4: ='A Kida'!C4 -> B/Mat Kida (Chiraag) | D4: ='A Kida'!E5 -> 0 | E4: ='A Kida'!E6 -> PCS | F4: ='A Kida'!C5 | G4: ='A Kida'!C6 | H4: ='A Kida'!E2 | I4: =IF(G4<>"",3,IF(D4=0,2,1)) -> 2 | J4: A Kida | K4: 557832163
A5: =IF(B5="","",COUNTA($B$4:B5)) -> 2 | B5: ='A Ashoka'!A2 -> Aman Ashoka | C5: ='A Ashoka'!C3 -> Ashoka 60x61 | D5: ='A Ashoka'!C5 -> -466 | E5: ='A Ashoka'!B3 -> Pcs | I5: =IF(G5<>"",3,IF(D5=0,2,1)) -> 1 | J5: A Ashoka | K5: 1368002521
A6: =IF(B6="","",COUNTA($B$4:B6)) -> 3 | B6: ='A Ashoka'!A2 -> Aman Ashoka | C6: ='A Ashoka'!D3 -> Ashoka 60x62 | D6: ='A Ashoka'!D5 -> 0 | E6: ='A Ashoka'!B3 -> Pcs | I6: =IF(G6<>"",3,IF(D6=0,2,1)) -> 2 | J6: A Ashoka | K6: 1368002521
A7: =IF(B7="","",COUNTA($B$4:B7)) -> 4 | B7: ='A Ashoka'!A2 -> Aman Ashoka | C7: ='A Ashoka'!E3 -> Ashoka 20x28 | D7: ='A Ashoka'!E5 -> -636 | E7: ='A Ashoka'!B3 -> Pcs | I7: =IF(G7<>"",3,IF(D7=0,2,1)) -> 1 | J7: A Ashoka | K7: 1368002521
A8: =IF(B8="","",COUNTA($B$4:B8)) -> 5 | B8: ='A Ashoka'!A2 -> Aman Ashoka | C8: ='A Ashoka'!F3 -> Ashoka 60x60 | D8: ='A Ashoka'!F5 -> 0 | E8: ='A Ashoka'!B3 -> Pcs | I8: =IF(G8<>"",3,IF(D8=0,2,1)) -> 2 | J8: A Ashoka | K8: 1368002521
A9: =IF(B9="","",COUNTA($B$4:B9)) -> 6 | B9: ='A Ashoka'!A2 -> Aman Ashoka | C9: ='A Ashoka'!G3 -> Ashoka 20x21 | D9: ='A Ashoka'!G5 -> -345 | E9: ='A Ashoka'!B3 -> Pcs | I9: =IF(G9<>"",3,IF(D9=0,2,1)) -> 1 | J9: A Ashoka | K9: 1368002521
A10: =IF(B10="","",COUNTA($B$4:B10)) -> 7 | B10: ='A Ashoka'!A2 -> Aman Ashoka | C10: ='A Ashoka'!H3 -> Ashoka 20x24 | D10: ='A Ashoka'!H5 -> 0 | E10: ='A Ashoka'!B3 -> Pcs | I10: =IF(G10<>"",3,IF(D10=0,2,1)) -> 2 | J10: A Ashoka | K10: 1368002521
A11: =IF(B11="","",COUNTA($B$4:B11)) -> 8 | B11: ='A Ashoka'!A2 -> Aman Ashoka | C11: ='A Ashoka'!I3 -> Ashoka 20x29 | D11: ='A Ashoka'!I5 -> 0 | E11: ='A Ashoka'!B3 -> Pcs | I11: =IF(G11<>"",3,IF(D11=0,2,1)) -> 2 | J11: A Ashoka | K11: 1368002521
A12: =IF(B12="","",COUNTA($B$4:B12)) -> 9 | B12: =CRA!C2 -> CRA CREATIVE PVT LTD | C12: =CRA!C4 -> COTTON PALLA WHITE | D12: =CRA!E5 -> -78 | E12: =CRA!E6 -> PCS | I12: =IF(G12<>"",3,IF(D12=0,2,1)) -> 1 | J12: CRA | K12: 61789952
A13: =IF(B13="","",COUNTA($B$4:B13)) -> 10 | B13: ='T082502'!C2 -> TAURUS HOME | C13: ='T082502'!C4 -> TRS-0825-02 BROWN | D13: ='T082502'!E5 -> 18 | E13: ='T082502'!E6 -> PCS | F13: ='T082502'!C5 -> PART BILLING | G13: ='T082502'!C6 | H13: ='T082502'!E2 | I13: =IF(G13<>"",3,IF(D13=0,2,1)) -> 1 | J13: T082502 | K13: 41232755
A14: =IF(B14="","",COUNTA($B$4:B14)) -> 11 | B14: ='T092531'!C2 -> TAURUS HOME | C14: ='T092531'!C4 -> TRS-0925-31 GREEN | D14: ='T092531'!E5 -> 6 | E14: ='T092531'!E6 -> PCS | F14: ='T092531'!C5 -> PART BILLING | G14: ='T092531'!C6 | H14: ='T092531'!E2 | I14: =IF(G14<>"",3,IF(D14=0,2,1)) -> 1 | J14: T092531 | K14: 1211725013
A15: =IF(B15="","",COUNTA($B$4:B15)) -> 12 | B15: ='A Petal'!C2 -> AMAN EMBROIDERY | C15: ='A Petal'!C4 -> Comferter # Petals | D15: ='A Petal'!E5 -> -212 | E15: ='A Petal'!E6 -> PCS | I15: =IF(G15<>"",3,IF(D15=0,2,1)) -> 1 | J15: A Petal | K15: 898179956
A16: =IF(B16="","",COUNTA($B$4:B16)) -> 13 | B16: ='A Ashoka'!A2 -> Aman Ashoka | C16: ='A Ashoka'!L3 -> Ashoka 60X656 | D16: ='A Ashoka'!L5 -> -108 | E16: ='A Ashoka'!B3 -> Pcs | I16: =IF(G16<>"",3,IF(D16=0,2,1)) -> 1 | J16: A Ashoka | K16: 1368002521
A17: =IF(B17="","",COUNTA($B$4:B17)) -> 14 | B17: ='A ThrowN'!A2 -> Aman Embroidery Throw | C17: ='A ThrowN'!C3 -> 50 x 50 | D17: ='A ThrowN'!D5 -> -5 | E17: ='A ThrowN'!B3 -> SHEET | I17: =IF(G17<>"",3,IF(D17=0,2,1)) -> 1 | J17: A ThrowN | K17: 1218692301
A18: =IF(B18="","",COUNTA($B$4:B18)) -> 15 | B18: ='A ThrowN'!A2 -> Aman Embroidery Throw | C18: ='A ThrowN'!E3 -> 45 x 45 | D18: ='A ThrowN'!F5 -> -0.84 | E18: ='A ThrowN'!B3 -> SHEET | I18: =IF(G18<>"",3,IF(D18=0,2,1)) -> 1 | J18: A ThrowN | K18: 1218692301
A19: =IF(B19="","",COUNTA($B$4:B19)) -> 16 | B19: ='A ThrowN'!A2 -> Aman Embroidery Throw | C19: ='A ThrowN'!G3 -> 130 x 180 | D19: ='A ThrowN'!H5 -> 4.33 | E19: ='A ThrowN'!B3 -> SHEET | I19: =IF(G19<>"",3,IF(D19=0,2,1)) -> 1 | J19: A ThrowN | K19: 1218692301
A20: =IF(B20="","",COUNTA($B$4:B20)) -> 17 | B20: ='A Lucky'!C2 -> AMAN EMBROIDERY | C20: ='A Lucky'!C9 -> A Lucky | D20: ='A Lucky'!E5 -> -1006 | E20: ='A Lucky'!E6 -> PCS | F20: ='A Lucky'!C5 | G20: ='A Lucky'!C6 | H20: ='A Lucky'!E2 | I20: =IF(G20<>"",3,IF(D20=0,2,1)) -> 1 | J20: A Lucky | K20: 587242362
A21: =IF(B21="","",COUNTA($B$4:B21)) -> 18 | B21: ='T1018011'!C2 -> TAURUS HOME | C21: ='T1018011'!C4 -> ACT-1018-011 | D21: ='T1018011'!E5 -> -323 | E21: ='T1018011'!E6 -> PCS | F21: ='T1018011'!C5 -> PART BILLING | G21: ='T1018011'!C6 | H21: ='T1018011'!E2 | I21: =IF(G21<>"",3,IF(D21=0,2,1)) -> 1 | J21: T1018011 | K21: 1149010944
A22: =IF(B22="","",COUNTA($B$4:B22)) -> 19 | B22: ='T042102'!C2 -> TAURUS HOME | C22: ='T042102'!C4 -> CPTR - 0421 - 02 | D22: ='T042102'!E5 -> 0 | E22: ='T042102'!E6 -> PCS | F22: ='T042102'!C5 -> 46154 | G22: ='T042102'!C6 -> MC/26-27/16 | H22: ='T042102'!E2 -> 438900 | I22: =IF(G22<>"",3,IF(D22=0,2,1)) -> 3 | J22: T042102 | K22: 1176506853
A23: =IF(B23="","",COUNTA($B$4:B23)) -> 20 | B23: ='A Ashoka'!A2 -> Aman Ashoka | C23: ='A Ashoka'!M3 -> Ashoka 24X24 | D23: ='A Ashoka'!M5 -> -944 | E23: ='A Ashoka'!B3 -> Pcs | I23: =IF(G23<>"",3,IF(D23=0,2,1)) -> 1 | J23: A Ashoka | K23: 1368002521
A24: =IF(B24="","",COUNTA($B$4:B24)) -> 21 | B24: ='T102404'!C2 -> TAURUS HOME | C24: ='T102404'!C4 -> CPTR-1024-04 | D24: ='T102404'!E5 -> 0 | E24: ='T102404'!E6 -> PCS | F24: ='T102404'!C5 -> 46154 | G24: ='T102404'!C6 -> MC/26-27/17 | H24: ='T102404'!E2 -> 190579 | I24: =IF(G24<>"",3,IF(D24=0,2,1)) -> 3 | J24: T102404 | K24: 86307262
A25: =IF(B25="","",COUNTA($B$4:B25)) -> 22 | B25: ='A Ashoka'!A2 -> Aman Ashoka | C25: ='A Ashoka'!J3 -> Ashoka 20x27 | D25: ='A Ashoka'!J5 -> 215 | E25: ='A Ashoka'!B3 -> Pcs | I25: =IF(G25<>"",3,IF(D25=0,2,1)) -> 1 | J25: A Ashoka | K25: 1368002521
A26: =IF(B26="","",COUNTA($B$4:B26)) -> 23 | B26: ='A Ashoka'!A2 -> Aman Ashoka | C26: ='A Ashoka'!K3 -> Ashoka 20x23 | D26: ='A Ashoka'!K5 -> 0 | E26: ='A Ashoka'!B3 -> Pcs | I26: =IF(G26<>"",3,IF(D26=0,2,1)) -> 2 | J26: A Ashoka | K26: 1368002521
A27: =IF(B27="","",COUNTA($B$4:B27)) -> 24 | B27: ='A Ashoka'!A2 -> Aman Ashoka | C27: ='A Ashoka'!O3 -> LUMAR 14X33 | D27: ='A Ashoka'!O5 -> -332 | E27: ='A Ashoka'!B3 -> Pcs | I27: =IF(G27<>"",3,IF(D27=0,2,1)) -> 1 | J27: A Ashoka | K27: 1368002521
A28: =IF(B28="","",COUNTA($B$4:B28)) -> 25 | B28: ='A Ashoka'!A2 -> Aman Ashoka | C28: ='A Ashoka'!P3 -> Ashoka 20X32 | D28: ='A Ashoka'!P5 -> -626 | E28: ='A Ashoka'!B3 -> Pcs | I28: =IF(G28<>"",3,IF(D28=0,2,1)) -> 1 | J28: A Ashoka | K28: 1368002521
A29: =IF(B29="","",COUNTA($B$4:B29)) -> 26 | B29: ='A Ashoka'!A2 -> Aman Ashoka | C29: ='A Ashoka'!Q3 -> Ashoka LOOP2 | D29: ='A Ashoka'!Q5 -> -300 | E29: ='A Ashoka'!B3 -> Pcs | I29: =IF(G29<>"",3,IF(D29=0,2,1)) -> 1 | J29: A Ashoka | K29: 1368002521
A30: =IF(B30="","",COUNTA($B$4:B30)) -> 27 | B30: ='A Ashoka'!A2 -> Aman Ashoka | C30: ='A Ashoka'!R3 -> Ashoka 24x25 | D30: ='A Ashoka'!R5 -> -320 | E30: ='A Ashoka'!B3 -> Pcs | I30: =IF(G30<>"",3,IF(D30=0,2,1)) -> 1 | J30: A Ashoka | K30: 1368002521
A31: =IF(B31="","",COUNTA($B$4:B31)) -> 28 | B31: ='A Ashoka'!A2 -> Aman Ashoka | C31: ='A Ashoka'!S3 -> Ashoka 20x34 | D31: ='A Ashoka'!S5 -> -308 | E31: ='A Ashoka'!B3 -> Pcs | I31: =IF(G31<>"",3,IF(D31=0,2,1)) -> 1 | J31: A Ashoka | K31: 1368002521
A32: =IF(B32="","",COUNTA($B$4:B32)) -> 29 | B32: ='A Ashoka'!A2 -> Aman Ashoka | C32: ='A Ashoka'!T3 -> Ashoka 20x322 | D32: ='A Ashoka'!T5 -> -300 | E32: ='A Ashoka'!B3 -> Pcs | I32: =IF(G32<>"",3,IF(D32=0,2,1)) -> 1 | J32: A Ashoka | K32: 1368002521
A33: =IF(B33="","",COUNTA($B$4:B33)) -> 30 | B33: ='A Ashoka'!A2 -> Aman Ashoka | C33: ='A Ashoka'!N3 -> LUMAR 14X37 | D33: ='A Ashoka'!N5 -> -267 | E33: ='A Ashoka'!B3 -> Pcs | I33: =IF(G33<>"",3,IF(D33=0,2,1)) -> 1 | J33: A Ashoka | K33: 1368002521
A34: =IF(B34="","",COUNTA($B$4:B34)) -> 31 | B34: =AKIDAN!C2 -> AMAN EMBROIDERY | C34: =AKIDAN!C4 -> B/Mat Kida (Chiraag) NEW | D34: =AKIDAN!E5 -> -240 | E34: =AKIDAN!E6 -> PCS | I34: =IF(G34<>"",3,IF(D34=0,2,1)) -> 1 | J34: AKIDAN | K34: 450036756
A35: =IF(B35="","",COUNTA($B$4:B35)) -> 32 | B35: =AMULTI!C2 -> AMAN EMBROIDERY | C35: =AMULTI!C4 -> B/MAT MULTI LOVE NEXT | D35: =AMULTI!E5 -> 650 | E35: =AMULTI!E6 -> PCS | I35: =IF(G35<>"",3,IF(D35=0,2,1)) -> 1 | J35: AMULTI | K35: 928151764
A36: =IF(B36="","",COUNTA($B$4:B36)) -> 33 | B36: ='T0225'!C2 -> TAURUS HOME | C36: ='T0225'!C4 -> TRS-0225-126 | D36: ='T0225'!E5 -> 0 | E36: ='T0225'!E6 -> PCS | F36: ='T0225'!C5 -> 46183 | G36: ='T0225'!C6 -> MC/26-27/25 | H36: ='T0225'!E2 -> 92529 | I36: =IF(G36<>"",3,IF(D36=0,2,1)) -> 3 | J36: T0225 | K36: 975539521
A37: =IF(B37="","",COUNTA($B$4:B37)) -> 34 | B37: =Adot55!C2 -> AMAN EMBROIDERY | C37: =Adot55!C4 -> DOT DESIGN 55" | D37: =Adot55!E5 -> -31.645833 | E37: =Adot55!E6 -> SHEET | I37: =IF(G37<>"",3,IF(D37=0,2,1)) -> 1 | J37: Adot55 | K37: 1550279639
A38: =IF(B38="","",COUNTA($B$4:B38)) -> 35 | B38: =KCT!C2 -> KRITIKA CREATION | C38: =KCT!C4 -> TREE AARI 60 | D38: =KCT!E5 -> 0 | E38: =KCT!E6 -> PCS | F38: =KCT!C5 -> 46190 | G38: =KCT!C6 -> MC/26-27/31 | H38: =KCT!E2 -> 85000 | I38: =IF(G38<>"",3,IF(D38=0,2,1)) -> 3 | J38: KCT | K38: 1813039516
A39: =IF(B39="","",COUNTA($B$4:B39)) -> 36 | B39: =KCC!C2 -> KRITIKA CREATION | C39: =KCC!C4 -> COUSHION MAHAJAN | D39: =KCC!E5 -> 0 | E39: =KCC!E6 -> PCS | F39: =KCC!C5 -> 46186 | G39: =KCC!C6 -> mc/2026-27/30 | H39: =KCC!E2 -> 77500 | I39: =IF(G39<>"",3,IF(D39=0,2,1)) -> 3 | J39: KCC | K39: 490532876
A40: =IF(B40="","",COUNTA($B$4:B40)) -> 37 | B40: =T101811N!C2 -> TAURUS HOME | C40: =T101811N!C4 -> ACT-1018-011 | D40: =T101811N!E5 -> 326 | E40: =T101811N!E6 -> PCS | I40: =IF(G40<>"",3,IF(D40=0,2,1)) -> 1 | J40: T101811N | K40: 1827899053
A41: =IF(B41="","",COUNTA($B$4:B41)) -> 38 | B41: =ASTRAW!C2 -> AMAN EMBROIDERY | C41: =ASTRAW!C4 -> STRAWBERRY WHITE | D41: =ASTRAW!E5 -> -390 | E41: =ASTRAW!E6 -> PCS | F41: =ASTRAW!C5 | G41: =ASTRAW!C6 | H41: =ASTRAW!E2 | I41: =IF(G41<>"",3,IF(D41=0,2,1)) -> 1 | J41: ASTRAW | K41: 222455884
A42: =IF(B42="","",COUNTA($B$4:B42)) -> 39 | B42: =ALOVE!C2 -> AMAN EMBROIDERY | C42: =ALOVE!C4 -> LOVE NEST 20X30 | D42: =ALOVE!E5 -> -1035 | E42: =ALOVE!E6 -> PCS | I42: =IF(G42<>"",3,IF(D42=0,2,1)) -> 1 | J42: ALOVE | K42: 442293611
A43: =IF(B43="","",COUNTA($B$4:B43)) -> 40 | B43: =Adot110!C2 -> AMAN EMBROIDERY | C43: =Adot110!C4 -> DOT DESIGN 110" | D43: =Adot110!E5 -> -2 | E43: =Adot110!E6 -> SHEET | I43: =IF(G43<>"",3,IF(D43=0,2,1)) -> 1 | J43: Adot110 | K43: 980302557
A44: =IF(B44="","",COUNTA($B$4:B44)) -> 41 | B44: ='A Ashoka'!A2 -> Aman Ashoka | C44: ='A Ashoka'!U3 -> LUMAR 02315 | D44: ='A Ashoka'!U5 -> -403 | E44: ='A Ashoka'!B3 -> Pcs | I44: =IF(G44<>"",3,IF(D44=0,2,1)) -> 1 | J44: A Ashoka | K44: 1368002521
A45: =IF(B45="","",COUNTA($B$4:B45)) -> 42 | B45: =ALOVE!J2 -> AMAN EMBROIDERY | C45: =ALOVE!J4 -> LOVE NEST 24X60 | D45: =ALOVE!L5 -> -255 | E45: =ALOVE!L6 -> PCS | I45: =IF(G45<>"",3,IF(D45=0,2,1)) -> 1 | J45: ALOVE | K45: 442293611
A46: =IF(B46="","",COUNTA($B$4:B46)) -> 43 | B46: ='A TBIRD'!C2 -> AMAN EMBROIDERY | C46: ='A TBIRD'!C4 -> TRAZZO 20X30 | D46: ='A TBIRD'!E5 -> -712 | E46: ='A TBIRD'!E6 -> PCS | I46: =IF(G46<>"",3,IF(D46=0,2,1)) -> 1 | J46: A TBIRD | K46: 923958439
A47: =IF(B47="","",COUNTA($B$4:B47)) -> 44 | B47: ='A TBIRD'!J2 -> AMAN EMBROIDERY | C47: ='A TBIRD'!J4 -> GILLED BIRD 20X30 | D47: ='A TBIRD'!L5 -> -1208 | E47: ='A TBIRD'!L6 -> PCS | I47: =IF(G47<>"",3,IF(D47=0,2,1)) -> 1 | J47: A TBIRD | K47: 923958439
A48: =IF(B48="","",COUNTA($B$4:B48)) -> 45 | B48: ='Cra Stocking'!C2 -> CRA CREATIVE PVT LTD | C48: ='Cra Stocking'!C4 -> STOCKING | D48: ='Cra Stocking'!E5 -> -2456 | E48: ='Cra Stocking'!E6 -> PCS | I48: =IF(G48<>"",3,IF(D48=0,2,1)) -> 1 | J48: Cra Stocking | K48: 1749420872
A49: =IF(B49="","",COUNTA($B$4:B49)) -> 46 | B49: ='A TBIRD'!Q2 -> AMAN EMBROIDERY | C49: ='A TBIRD'!Q4 -> TRAZZO 24X60 | D49: ='A TBIRD'!S5 -> -190 | E49: ='A TBIRD'!S6 -> PCS | I49: =IF(G49<>"",3,IF(D49=0,2,1)) -> 1 | J49: A TBIRD | K49: 923958439
A50: =IF(B50="","",COUNTA($B$4:B50)) -> 47 | B50: ='A 4C'!C2 -> AMAN EMBROIDERY | C50: ='A 4C'!C4 -> 4 COLOUR DORI | D50: ='A 4C'!E5 -> -527 | E50: ='A 4C'!E6 -> PCS | I50: =IF(G50<>"",3,IF(D50=0,2,1)) -> 1 | J50: A 4C | K50: 1750278783
A51: =IF(B51="","",COUNTA($B$4:B51)) -> 48 | B51: ='A Ashoka'!A2 -> Aman Ashoka | C51: ='A Ashoka'!V3 -> LUMAR 14X36 | D51: ='A Ashoka'!V5 -> -808 | E51: ='A Ashoka'!B3 -> Pcs | I51: =IF(G51<>"",3,IF(D51=0,2,1)) -> 1 | J51: A Ashoka | K51: 1368002521
A52: =IF(B52="","",COUNTA($B$4:B52)) -> 49 | B52: ='A Ashoka'!A2 -> Aman Ashoka | C52: ='A Ashoka'!W3 -> LUMAR 14X390 | D52: ='A Ashoka'!W5 -> -2500 | E52: ='A Ashoka'!B3 -> Pcs | I52: =IF(G52<>"",3,IF(D52=0,2,1)) -> 1 | J52: A Ashoka | K52: 1368002521
A53: =IF(B53="","",COUNTA($B$4:B53)) -> 50 | B53: ='ART294'!C2 -> ART & DESIGN | C53: ='ART294'!C4 -> T-294 MUL | D53: ='ART294'!E5 -> 0 | E53: ='ART294'!E6 -> MTRS | F53: ='ART294'!C5 -> 46175 | G53: ='ART294'!C6 -> MC/26-27/23 | H53: ='ART294'!E2 -> 17268 | I53: =IF(G53<>"",3,IF(D53=0,2,1)) -> 3 | J53: ART294 | K53: 165690413
A54: =IF(B54="","",COUNTA($B$4:B54)) -> 51 | B54: ='ART150'!C2 -> ART & DESIGN | C54: ='ART150'!C4 -> T-150 MUL THAN | D54: ='ART150'!E5 -> 0 | E54: ='ART150'!E6 -> MTRS | F54: ='ART150'!C5 -> 46175 | G54: ='ART150'!C6 -> MC/26-27/23 | H54: ='ART150'!E2 -> 11962 | I54: =IF(G54<>"",3,IF(D54=0,2,1)) -> 3 | J54: ART150 | K54: 1275611068
A55: =IF(B55="","",COUNTA($B$4:B55)) -> 52 | B55: ='TRS092511'!C2 -> TAURUS HOME FURNISHINGS | C55: ='TRS092511'!C4 -> TRS-0925-11 RED | D55: ='TRS092511'!E5 -> 0 | E55: ='TRS092511'!E6 -> PCS | F55: ='TRS092511'!C5 -> 46183 | G55: ='TRS092511'!C6 -> MC/26-27/27 | H55: ='TRS092511'!E2 -> 36225 | I55: =IF(G55<>"",3,IF(D55=0,2,1)) -> 3 | J55: TRS092511 | K55: 284372122
A56: =IF(B56="","",COUNTA($B$4:B56)) -> 53 | B56: ='TRS092555'!C2 -> TAURUS HOME FURNISHINGS | C56: ='TRS092555'!C4 -> TRS-0925-55 GREEN | D56: ='TRS092555'!E5 -> 0 | E56: ='TRS092555'!E6 -> PCS | F56: ='TRS092555'!C5 -> 46183 | G56: ='TRS092555'!C6 -> MC/26-27/28 | H56: ='TRS092555'!E2 -> 56700 | I56: =IF(G56<>"",3,IF(D56=0,2,1)) -> 3 | J56: TRS092555 | K56: 1129433037
A57: =IF(B57="","",COUNTA($B$4:B57)) -> 54 | B57: ='A FOME'!C2 -> AMAN EMBROIDERY | C57: ='A FOME'!C4 -> FOME CUSHION | D57: ='A FOME'!E5 -> -1514 | E57: ='A FOME'!E6 -> PCS | I57: =IF(G57<>"",3,IF(D57=0,2,1)) -> 1 | J57: A FOME | K57: 1486226135
A58: =IF(B58="","",COUNTA($B$4:B58)) -> 55 | B58: ='Cra Pillow'!C2 -> CRA CREATIVE PVT LTD | C58: ='Cra Pillow'!C4 -> WHITE PILLOW | D58: ='Cra Pillow'!E5 -> -765 | E58: ='Cra Pillow'!E6 -> PCS | I58: =IF(G58<>"",3,IF(D58=0,2,1)) -> 1 | J58: Cra Pillow | K58: 205219033
A59: =IF(B59="","",COUNTA($B$4:B59)) -> 56 | B59: ='A TBIRD'!X2 -> AMAN EMBROIDERY | C59: ='A TBIRD'!X4 -> GILLED BIRD 24X60 | D59: ='A TBIRD'!Z5 -> -356 | E59: ='A TBIRD'!Z6 -> PCS | I59: =IF(G59<>"",3,IF(D59=0,2,1)) -> 1 | J59: A TBIRD | K59: 923958439
A60: =IF(B60="","",COUNTA($B$4:B60)) -> 57 | B60: ='A Ashoka'!A2 -> Aman Ashoka | C60: ='A Ashoka'!X3 -> Ashoka 58x58 | D60: ='A Ashoka'!X5 -> -156 | E60: ='A Ashoka'!B3 -> Pcs | I60: =IF(G60<>"",3,IF(D60=0,2,1)) -> 1 | J60: A Ashoka | K60: 1368002521
A61: =IF(B61="","",COUNTA($B$4:B61)) -> 58 | B61: =ACHIRAG!C2 -> AMAN EMBROIDERY | C61: =ACHIRAG!C4 -> CHIRAG B/MAT LEMON | D61: =ACHIRAG!E5 -> -400 | E61: =ACHIRAG!E6 -> PCS | I61: =IF(G61<>"",3,IF(D61=0,2,1)) -> 1 | J61: ACHIRAG | K61: 2013842154
A62: =IF(B62="","",COUNTA($B$4:B62)) -> 59 | B62: =CRA!J2 -> CRA CREATIVE PVT LTD | C62: =CRA!J4 -> WHITE BED SHEET 108X114 | D62: =CRA!L5 -> -105 | E62: =CRA!L6 -> PCS | I62: =IF(G62<>"",3,IF(D62=0,2,1)) -> 1 | J62: CRA | K62: 61789952
A63: =IF(B63="","",COUNTA($B$4:B63)) -> 60 | B63: =CRA!Q2 -> CRA CREATIVE PVT LTD | C63: =CRA!Q4 -> WHITE BED SHEET 96X114 | D63: =CRA!S5 -> -65 | E63: =CRA!S6 -> PCS | I63: =IF(G63<>"",3,IF(D63=0,2,1)) -> 1 | J63: CRA | K63: 61789952
A64: =IF(B64="","",COUNTA($B$4:B64)) -> 61 | B64: =CRA!X2 -> CRA CREATIVE PVT LTD | C64: =CRA!X4 -> WHITE BED SHEET 30X57 | D64: =CRA!Z5 -> -22 | E64: =CRA!Z6 -> PCS | I64: =IF(G64<>"",3,IF(D64=0,2,1)) -> 1 | J64: CRA | K64: 61789952
A65: =IF(B65="","",COUNTA($B$4:B65)) -> 62 | B65: ='A PTREE'!C2 -> AMAN EMBROIDERY | C65: ='A PTREE'!C4 -> PAM TREE B/MAT | D65: ='A PTREE'!E5 -> -1022 | E65: ='A PTREE'!E6 -> PCS | I65: =IF(G65<>"",3,IF(D65=0,2,1)) -> 1 | J65: A PTREE | K65: 365978158
A66: =IF(B66="","",COUNTA($B$4:B66)) -> 63 | B66: ='A BFLY'!C2 -> AMAN EMBROIDERY | C66: ='A BFLY'!C4 -> BUTTERFLY GARDEN | D66: ='A BFLY'!E5 -> -600 | E66: ='A BFLY'!E6 -> PCS | I66: =IF(G66<>"",3,IF(D66=0,2,1)) -> 1 | J66: A BFLY | K66: 2050311044
A67: =IF(B67="","",COUNTA($B$4:B67)) -> 64 | B67: ='A FBSHEET'!C2 -> AMAN EMBROIDERY | C67: ='A FBSHEET'!C4 -> DOUBLE FABRIC BED SHEET | D67: ='A FBSHEET'!E5 -> -282 | E67: ='A FBSHEET'!E6 -> PCS | I67: =IF(G67<>"",3,IF(D67=0,2,1)) -> 1 | J67: A FBSHEET | K67: 640722690
A68: =IF(B68="","",COUNTA($B$4:B68)) -> 65 | B68: ='A FBSHEET'!J2 -> AMAN EMBROIDERY | C68: ='A FBSHEET'!J4 -> DOUBLE FABRIC PILOW | D68: ='A FBSHEET'!L5 -> -165 | E68: ='A FBSHEET'!L6 -> PCS | I68: =IF(G68<>"",3,IF(D68=0,2,1)) -> 1 | J68: A FBSHEET | K68: 640722690
A69: =IF(B69="","",COUNTA($B$4:B69)) -> 66 | B69: ='TRS043'!C2 -> TAURUS HOME FURNISHINGS | C69: ='TRS043'!C4 -> TRS-043 BEIGE/RUST | D69: ='TRS043'!E5 -> 0 | E69: ='TRS043'!E6 -> PCS | F69: ='TRS043'!C5 -> 46183 | G69: ='TRS043'!C6 -> MC/26-27/26 | H69: ='TRS043'!E2 -> 6342 | I69: =IF(G69<>"",3,IF(D69=0,2,1)) -> 3 | J69: TRS043 | K69: 53293678
A70: =IF(B70="","",COUNTA($B$4:B70)) -> 67 | B70: =TACT0622!C2 -> TAURUS HOME FURNISHINGS | C70: =TACT0622!C4 -> ACT-0622-02 | D70: =TACT0622!E5 -> 0 | E70: =TACT0622!E6 -> PCS | I70: =IF(G70<>"",3,IF(D70=0,2,1)) -> 2 | J70: TACT0622 | K70: 964675319
A71: =IF(B71="","",COUNTA($B$4:B71)) -> 68 | B71: =ACHIRAG!J2 -> AMAN EMBROIDERY | C71: =ACHIRAG!J4 -> CAR CHIRAG | D71: =ACHIRAG!L5 -> -316 | E71: =ACHIRAG!L6 -> PCS | I71: =IF(G71<>"",3,IF(D71=0,2,1)) -> 1 | J71: ACHIRAG | K71: 2013842154
A72: =IF(B72="","",COUNTA($B$4:B72)) -> 69 | B72: ='A Ashoka'!A2 -> Aman Ashoka | C72: ='A Ashoka'!Y3 -> Ashoka 20X25 | D72: ='A Ashoka'!Y5 -> -300 | E72: ='A Ashoka'!B3 -> Pcs | I72: =IF(G72<>"",3,IF(D72=0,2,1)) -> 1 | J72: A Ashoka | K72: 1368002521
A73: =IF(B73="","",COUNTA($B$4:B73)) -> 70 | B73: =ABEDFLOWER!J2 -> AMAN EMBROIDERY | C73: =ABEDFLOWER!J4 -> BED SHEET LEAF | D73: =ABEDFLOWER!L5 -> -166 | E73: =ABEDFLOWER!L6 -> PCS | I73: =IF(G73<>"",3,IF(D73=0,2,1)) -> 1 | J73: ABEDFLOWER | K73: 30570021
A74: =IF(B74="","",COUNTA($B$4:B74)) -> 71 | B74: =CRA!AE2 -> CRA CREATIVE PVT LTD | C74: =CRA!AE4 -> WHITE BED SHEET 114x78 | D74: =CRA!AG5 -> -40 | E74: =CRA!AG6 -> PCS | I74: =IF(G74<>"",3,IF(D74=0,2,1)) -> 1 | J74: CRA | K74: 61789952
A75: =IF(B75="","",COUNTA($B$4:B75)) -> 72 | B75: =AQUILT!C2 -> AMAN EMBROIDERY | C75: =AQUILT!C4 -> QUILT BED SHEET | D75: =AQUILT!E5 -> -1 | E75: =AQUILT!E6 -> PCS | I75: =IF(G75<>"",3,IF(D75=0,2,1)) -> 1 | J75: AQUILT | K75: 1699664444
A76: =IF(B76="","",COUNTA($B$4:B76)) -> 73 | B76: ='A1415'!C2 -> ART & DESIGN | C76: ='A1415'!C4 -> D-1415 MUL SUIT | D76: ='A1415'!E5 -> 0 | E76: ='A1415'!E6 -> PCS | F76: ='A1415'!C5 -> 46197 | G76: ='A1415'!C6 -> MC/26-27/34 | H76: ='A1415'!E2 -> 30132 | I76: =IF(G76<>"",3,IF(D76=0,2,1)) -> 3 | J76: A1415 | K76: 1036619668
A77: =IF(B77="","",COUNTA($B$4:B77)) -> 74 | B77: =A1552NEW!C2 -> ART & DESIGN | C77: =A1552NEW!C4 -> D-1552 ORGANZA SUIT | D77: =A1552NEW!E5 -> 0 | E77: =A1552NEW!E6 -> PCS | F77: =A1552NEW!C5 -> 46197 | G77: =A1552NEW!C6 -> MC/26-27/34 | H77: =A1552NEW!E2 -> 38479 | I77: =IF(G77<>"",3,IF(D77=0,2,1)) -> 3 | J77: A1552NEW | K77: 947689809
A78: =IF(B78="","",COUNTA($B$4:B78)) -> 75 | B78: ='A1385'!C2 -> ART & DESIGN | C78: ='A1385'!C4 -> D-1385 MUL SUIT | D78: ='A1385'!E5 -> 0 | E78: ='A1385'!E6 -> PCS | I78: =IF(G78<>"",3,IF(D78=0,2,1)) -> 2 | J78: A1385 | K78: 330320323
A79: =IF(B79="","",COUNTA($B$4:B79)) -> 76 | B79: =ACHIRAG!Q2 -> AMAN EMBROIDERY | C79: =ACHIRAG!Q4 -> CAT CHIRAG | D79: =ACHIRAG!S5 -> -286 | E79: =ACHIRAG!S6 -> PCS | I79: =IF(G79<>"",3,IF(D79=0,2,1)) -> 1 | J79: ACHIRAG | K79: 2013842154
A80: =IF(B80="","",COUNTA($B$4:B80)) -> 77 | B80: =ABEDOLD!C2 -> AMAN EMBROIDERY | C80: =ABEDOLD!C4 -> BED SHEET OLD | D80: =ABEDOLD!E5 -> -179 | E80: =ABEDOLD!E6 -> PCS | I80: =IF(G80<>"",3,IF(D80=0,2,1)) -> 1 | J80: ABEDOLD | K80: 1849093102
A81: =IF(B81="","",COUNTA($B$4:B81)) -> 78 | B81: =ABEDD!C2 -> AMAN EMBROIDERY | C81: =ABEDD!C4 -> BED SHEET DIAMOND | D81: =ABEDD!E5 -> -265 | E81: =ABEDD!E6 -> PCS | I81: =IF(G81<>"",3,IF(D81=0,2,1)) -> 1 | J81: ABEDD | K81: 1938327815
A82: =IF(B82="","",COUNTA($B$4:B82)) -> 79 | B82: =ABEDD!J2 -> AMAN EMBROIDERY | C82: =ABEDD!J4 -> PILLOW DIAMOND FOME | D82: =ABEDD!L5 -> -270 | E82: =ABEDD!L6 -> PCS | I82: =IF(G82<>"",3,IF(D82=0,2,1)) -> 1 | J82: ABEDD | K82: 1938327815
A83: =IF(B83="","",COUNTA($B$4:B83)) -> 80 | B83: =A1552OLD!C2 -> ART & DESIGN | C83: =A1552OLD!C4 -> D-1552 ORGANZA SUIT | D83: =A1552OLD!E5 -> 0 | E83: =A1552OLD!E6 -> PCS | F83: =A1552OLD!C5 -> 46182 | G83: =A1552OLD!C6 -> MC/26-27/24 | H83: =A1552OLD!E2 -> 56741 | I83: =IF(G83<>"",3,IF(D83=0,2,1)) -> 3 | J83: A1552OLD | K83: 1295179493
A84: =IF(B84="","",COUNTA($B$4:B84)) -> 81 | B84: =D1174SAREE!C2 -> ART & DESIGN | C84: =D1174SAREE!C4 -> D-1174 SAREE OLD | D84: =D1174SAREE!E5 -> 0 | E84: =D1174SAREE!E6 -> PCS | F84: =D1174SAREE!C5 -> 46197 | G84: =D1174SAREE!C6 -> MC/26-27/36 | H84: =D1174SAREE!E2 -> 39249 | I84: =IF(G84<>"",3,IF(D84=0,2,1)) -> 3 | J84: D1174SAREE | K84: 1993610416
A85: =IF(B85="","",COUNTA($B$4:B85)) -> 82 | B85: =D1462SUIT!C2 -> ART & DESIGN | C85: =D1462SUIT!C4 -> D-1462 ORGANZA SUIT | D85: =D1462SUIT!E5 -> 0 | E85: =D1462SUIT!E6 -> PCS | F85: =D1462SUIT!C5 -> 46185 | G85: =D1462SUIT!C6 -> mc/26-27/29 | H85: =D1462SUIT!E2 -> 32053 | I85: =IF(G85<>"",3,IF(D85=0,2,1)) -> 3 | J85: D1462SUIT | K85: 578589641
A86: =IF(B86="","",COUNTA($B$4:B86)) -> 83 | B86: =D1454SD!C2 -> ART & DESIGN | C86: =D1462DUP!C4 -> D-1462 ORGANZA DUPATTA | D86: =D1462DUP!E5 -> 14 | E86: =D1462DUP!E6 -> MTRS | I86: =IF(G86<>"",3,IF(D86=0,2,1)) -> 1 | J86: D1462DUP | K86: 1396879749
A87: =IF(B87="","",COUNTA($B$4:B87)) -> 84 | B87: =D1454SD!C2 -> ART & DESIGN | C87: =D1454SD!C4 -> D-1454 ORGANZA SUIT+DUPATTA | D87: =D1454SD!E5 -> 0 | E87: =D1454SD!E6 -> PCS | F87: =D1454SD!C5 -> 46185 | G87: =D1454SD!C6 -> mc/26-27/29 | H87: =D1454SD!E2 -> 21395 | I87: =IF(G87<>"",3,IF(D87=0,2,1)) -> 3 | J87: D1454SD | K87: 1311539817
A88: =IF(B88="","",COUNTA($B$4:B88)) -> 85 | B88: =BMTUR!C2 -> AMAN EMBROIDERY | C88: =BMTUR!C4 -> B/MAT TURTLE CHIRAG | D88: =BMTUR!E5 -> -651 | E88: =BMTUR!E6 -> PCS | I88: =IF(G88<>"",3,IF(D88=0,2,1)) -> 1 | J88: B/MTUR | K88: 1111269209
A89: =IF(B89="","",COUNTA($B$4:B89)) -> 86 | B89: =BMTIE!C2 -> AMAN EMBROIDERY | C89: =BMTIE!C4 -> B/MAT TIE CHIRAG | D89: =BMTIE!E5 -> -405 | E89: =BMTIE!E6 -> PCS | I89: =IF(G89<>"",3,IF(D89=0,2,1)) -> 1 | J89: B/MTIE | K89: 649450249
A90: =IF(B90="","",COUNTA($B$4:B90)) -> 87 | B90: =ABEDD!Q2 -> AMAN EMBROIDERY | C90: =ABEDD!Q4 -> PILLOW DIAMOND | D90: =ABEDD!S5 -> -577 | E90: =ABEDD!S6 -> PCS | I90: =IF(G90<>"",3,IF(D90=0,2,1)) -> 1 | J90: ABEDD | K90: 1938327815
A91: =IF(B91="","",COUNTA($B$4:B91)) -> 88 | B91: =ABEDLINE!C2 -> AMAN EMBROIDERY | C91: =ABEDLINE!C4 -> BED SHEET LINE | D91: =ABEDLINE!E5 -> -302 | E91: =ABEDLINE!E6 -> PCS | I91: =IF(G91<>"",3,IF(D91=0,2,1)) -> 1 | J91: ABEDLINE | K91: 962737067
A92: =IF(B92="","",COUNTA($B$4:B92)) -> 89 | B92: =ABEDFAB!C2 -> AMAN EMBROIDERY | C92: =ABEDFAB!C4 -> PILLOW DOUBLE FABRIC | D92: =ABEDFAB!E5 -> -251 | E92: =ABEDFAB!E6 -> PCS | I92: =IF(G92<>"",3,IF(D92=0,2,1)) -> 1 | J92: ABEDFAB | K92: 210797242
A93: =IF(B93="","",COUNTA($B$4:B93)) -> 90 | B93: =ABEDDIBBI!C2 -> AMAN EMBROIDERY | C93: =ABEDDIBBI!C4 -> BED SHEET DIBBI | D93: =ABEDDIBBI!E5 -> -95 | E93: =ABEDDIBBI!E6 -> PCS | I93: =IF(G93<>"",3,IF(D93=0,2,1)) -> 1 | J93: ABEDDIBBI | K93: 143665383
A94: =IF(B94="","",COUNTA($B$4:B94)) -> 91 | B94: =CRASANTA!C2 -> CRA CREATIVE | C94: =CRASANTA!C4 -> SANTA | D94: =CRASANTA!E5 -> -392 | E94: =CRASANTA!E6 -> PCS | I94: =IF(G94<>"",3,IF(D94=0,2,1)) -> 1 | J94: CRASANTA | K94: 1309455546
A95: =IF(B95="","",COUNTA($B$4:B95)) -> 92 | B95: =ABEDFLOWER!C2 -> AMAN EMBROIDERY | C95: =ABEDFLOWER!C4 -> BED SHEET FLOWER | D95: =ABEDFLOWER!E5 -> -100 | E95: =ABEDFLOWER!E6 -> PCS | I95: =IF(G95<>"",3,IF(D95=0,2,1)) -> 1 | J95: ABEDFLOWER | K95: 30570021
A96: =IF(B96="","",COUNTA($B$4:B96)) -> 93 | B96: ='AD1498'!C2 -> ART & DESIGN | C96: ='AD1498'!C4 -> D-1498 M MUL SUIT | D96: ='AD1498'!E5 -> 0 | E96: ='AD1498'!E6 -> PCS | I96: =IF(G96<>"",3,IF(D96=0,2,1)) -> 2 | J96: AD1498 | K96: 516431580
A97: =IF(B97="","",COUNTA($B$4:B97)) -> 94 | B97: ='AT221'!C2 -> ART & DESIGN | C97: ='AT221'!C4 -> T-221 MUL JAMWAR PRINT OLD | D97: ='AT221'!E5 -> 0 | E97: ='AT221'!E6 -> MTRS | F97: ='AT221'!C5 -> 46197 | G97: ='AT221'!C6 -> MC/26-27/33 | H97: ='AT221'!E2 -> 21716 | I97: =IF(G97<>"",3,IF(D97=0,2,1)) -> 3 | J97: AT221 | K97: 596430076
A98: =IF(B98="","",COUNTA($B$4:B98)) -> 95 | B98: ='AD1416'!C2 -> ART & DESIGN | C98: ='AD1416'!C4 -> D-1416 M MUL SUIT | D98: ='AD1416'!E5 -> 0 | E98: ='AD1416'!E6 -> PCS | F98: ='AD1416'!C5 -> 46197 | G98: ='AD1416'!C6 -> MC/26-27/35 | H98: ='AD1416'!E2 -> 21216 | I98: =IF(G98<>"",3,IF(D98=0,2,1)) -> 3 | J98: AD1416 | K98: 835633393
A99: =IF(B99="","",COUNTA($B$4:B99)) -> 96 | B99: ='AD1549'!C2 -> ART & DESIGN | C99: ='AD1549'!C4 -> D-1549 M MUL SUIT | D99: ='AD1549'!E5 -> 0 | E99: ='AD1549'!E6 -> PCS | F99: ='AD1549'!C5 -> 46197 | G99: ='AD1549'!C6 -> MC/26-27/35 | H99: ='AD1549'!E2 -> 19336 | I99: =IF(G99<>"",3,IF(D99=0,2,1)) -> 3 | J99: AD1549 | K99: 1014309328
A100: =IF(B100="","",COUNTA($B$4:B100)) -> 97 | B100: ='A Ashoka'!A2 -> Aman Ashoka | C100: ='A Ashoka'!Z3 -> Sheet 21x60 | D100: ='A Ashoka'!Z5 -> -195.5 | E100: ='A Ashoka'!Z1 -> Mtrs | I100: =IF(G100<>"",3,IF(D100=0,2,1)) -> 1 | J100: A Ashoka | K100: 1368002521
A101: =IF(B101="","",COUNTA($B$4:B101)) -> 98 | B101: ='A Ashoka'!A2 -> Aman Ashoka | C101: ='A Ashoka'!AA3 -> Lumar 14x42 | D101: ='A Ashoka'!AA5 -> -400 | E101: ='A Ashoka'!AA1 -> Pcs | I101: =IF(G101<>"",3,IF(D101=0,2,1)) -> 1 | J101: A Ashoka | K101: 1368002521
...

Sheet Report
A1: MALIK CREATION | M1: KPI BOX
A3: S. No | B3: Vendor | C3: Style | D3: Balance | E3: Unit | F3: Invoice Date | G3: Invoice No. | H3: Invoice Amount | I3: Bill Status | J3: Open Sheet | L3: OPEN STYLE | M3: PENDING | N3: NIL | O3: INVOICE
A4: {={SEQUENCE(ROWS(Summary!B4:B430),1),SORT(Summary!B4:K430,Summary!I4:I430,TRUE,Summary!B4:B430,TRUE,Summary!D4:D430,TRUE)}} -> 1 | B4: Aman Ashoka | C4: LUMAR 14X390 | D4: -2500 | E4: Pcs | I4: 1 | J4: A Ashoka | K4: 1368002521 | L4: 🔍 LUMAR 14X390 | M4: =COUNTIF(I:I,1) -> 99 | N4: =COUNTIF(I:I,2) -> 25 | O4: =COUNTIF(I:I,3) -> 21
A5: 2 | B5: Aman Ashoka | C5: Ashoka 24X24 | D5: -944 | E5: Pcs | I5: 1 | J5: A Ashoka | K5: 1368002521 | L5: 🔍 Ashoka 24X24
A6: 3 | B6: Aman Ashoka | C6: LUMAR 14X36 | D6: -808 | E6: Pcs | I6: 1 | J6: A Ashoka | K6: 1368002521 | L6: 🔍 LUMAR 14X36 | M6: D-1476 ORGANZA SUIT | P6: 🔍 D-1476 ORGANZA SUIT
A7: 4 | B7: Aman Ashoka | C7: Ashoka 20x28 | D7: -636 | E7: Pcs | I7: 1 | J7: A Ashoka | K7: 1368002521 | L7: 🔍 Ashoka 20x28
A8: 5 | B8: Aman Ashoka | C8: Ashoka 20X32 | D8: -626 | E8: Pcs | I8: 1 | J8: A Ashoka | K8: 1368002521 | L8: 🔍 Ashoka 20X32
A9: 6 | B9: Aman Ashoka | C9: Ashoka 60x61 | D9: -466 | E9: Pcs | I9: 1 | J9: A Ashoka | K9: 1368002521 | L9: 🔍 Ashoka 60x61
A10: 7 | B10: Aman Ashoka | C10: LUMAR 02315 | D10: -403 | E10: Pcs | I10: 1 | J10: A Ashoka | K10: 1368002521 | L10: 🔍 LUMAR 02315
A11: 8 | B11: Aman Ashoka | C11: Lumar 14x42 | D11: -400 | E11: Pcs | I11: 1 | J11: A Ashoka | K11: 1368002521 | L11: 🔍 Lumar 14x42
A12: 9 | B12: Aman Ashoka | C12: Ashoka 20x21 | D12: -345 | E12: Pcs | I12: 1 | J12: A Ashoka | K12: 1368002521 | L12: 🔍 Ashoka 20x21
A13: 10 | B13: Aman Ashoka | C13: LUMAR 14X33 | D13: -332 | E13: Pcs | I13: 1 | J13: A Ashoka | K13: 1368002521 | L13: 🔍 LUMAR 14X33
A14: 11 | B14: Aman Ashoka | C14: Ashoka 24x25 | D14: -320 | E14: Pcs | I14: 1 | J14: A Ashoka | K14: 1368002521 | L14: 🔍 Ashoka 24x25
A15: 12 | B15: Aman Ashoka | C15: Ashoka 20x34 | D15: -308 | E15: Pcs | I15: 1 | J15: A Ashoka | K15: 1368002521 | L15: 🔍 Ashoka 20x34
A16: 13 | B16: Aman Ashoka | C16: Ashoka LOOP2 | D16: -300 | E16: Pcs | I16: 1 | J16: A Ashoka | K16: 1368002521 | L16: 🔍 Ashoka LOOP2
A17: 14 | B17: Aman Ashoka | C17: Ashoka 20x322 | D17: -300 | E17: Pcs | I17: 1 | J17: A Ashoka | K17: 1368002521 | L17: 🔍 Ashoka 20x322
A18: 15 | B18: Aman Ashoka | C18: Ashoka 20X25 | D18: -300 | E18: Pcs | I18: 1 | J18: A Ashoka | K18: 1368002521 | L18: 🔍 Ashoka 20X25
... A78: 75 | B78: AMAN MEHTA | C78: B/MAT GRAY 40X60 | D78: -88 | E78: Pcs | I78: 1 | J78: AMEHTA | K78: 2129093570 | L78: 🔍 B/MAT GRAY 40X60
A79: 76 | B79: ART & DESIGN | C79: 1552 SAREE | D79: -53 | E79: PCS | I79: 1 | J79: A1552SAREE | K79: 69255005 | L79: 🔍 1552 SAREE | M79: 52 | N79: 44
A80: 77 | B80: ART & DESIGN | C80: D-1462 ORGANZA DUPATTA | D80: 14 | E80: MTRS | I80: 1 | J80: D1462DUP | K80: 1396879749 | L80: 🔍 D-1462 ORGANZA DUPATTA
A81: 78 | B81: ART & DESIGN | C81: D-1481 STK MUL SUIT | D81: 50 | E81: PCS | I81: 1 | J81: A1481STK | K81: 204775831 | L81: 🔍 D-1481 STK MUL SUIT
A82: 79 | B82: ART & DESIGN | C82: D-1476 MUL SUIT | D82: 50 | E82: PCS | I82: 1 | J82: A1476-2 | K82: 1463558953 | L82: 🔍 D-1476 MUL SUIT
A83: 80 | B83: ART & DESIGN | C83: D-1415 MUL SUIT | D83: 50 | E83: PCS | I83: 1 | J83: A1415-2 | K83: 162365241 | L83: 🔍 D-1415 MUL SUIT
A84: 81 | B84: ART & DESIGN | C84: D-1481 MUL SUIT | D84: 59 | E84: PCS | I84: 1 | J84: A1481-2 | K84: 869372670 | L84: 🔍 D-1481 MUL SUIT
A85: 82 | B85: ART & DESIGN | C85: D-1442 VISCOSE ORGANZA RED | D85: 61 | E85: PCS | I85: 1 | J85: D1442 | K85: 1105355549 | L85: 🔍 D-1442 VISCOSE ORGANZA RED
A86: 83 | B86: ART & DESIGN | C86: ART CREPE BLOUSE | D86: 62 | E86: MTRS | I86: 1 | J86: ARTCREPE | K86: 2064921695 | L86: 🔍 ART CREPE BLOUSE
A87: 84 | B87: CRA CREATIVE | C87: SANTA | D87: -392 | E87: PCS | I87: 1 | J87: CRASANTA | K87: 1309455546 | L87: 🔍 SANTA
A88: 85 | B88: CRA CREATIVE PVT LTD | C88: STOCKING | D88: -2456 | E88: PCS | I88: 1 | J88: Cra Stocking | K88: 1749420872 | L88: 🔍 STOCKING
A89: 86 | B89: CRA CREATIVE PVT LTD | C89: WHITE PILLOW | D89: -765 | E89: PCS | I89: 1 | J89: Cra Pillow | K89: 205219033 | L89: 🔍 WHITE PILLOW
A90: 87 | B90: CRA CREATIVE PVT LTD | C90: NOEL ROD | D90: -745 | E90: PCS | I90: 1 | J90: Cra Noel | K90: 1443304496 | L90: 🔍 NOEL ROD
A91: 88 | B91: CRA CREATIVE PVT LTD | C91: WHITE BED SHEET 108X114 | D91: -105 | E91: PCS | I91: 1 | J91: CRA | K91: 61789952 | L91: 🔍 WHITE BED SHEET 108X114
... A93: 90 | B93: CRA CREATIVE PVT LTD | C93: WHITE BED SHEET 96X114 | D93: -65 | E93: PCS | I93: 1 | J93: CRA | K93: 61789952 | L93: 🔍 WHITE BED SHEET 96X114
A94: 91 | B94: CRA CREATIVE PVT LTD | C94: WHITE BED SHEET 114x78 | D94: -40 | E94: PCS | I94: 1 | J94: CRA | K94: 61789952 | L94: 🔍 WHITE BED SHEET 114x78 | M94: PCS FOR INVOICE
A95: 92 | B95: CRA CREATIVE PVT LTD | C95: CANDY | D95: -40 | E95: PCS | I95: 1 | J95: Cra Candy | K95: 392176783 | L95: 🔍 CANDY | M95: 43
A96: 93 | B96: CRA CREATIVE PVT LTD | C96: WHITE BED SHEET 30X57 | D96: -22 | E96: PCS | I96: 1 | J96: CRA | K96: 61789952 | L96: 🔍 WHITE BED SHEET 30X57 | M96: 53
A97: 94 | B97: CRA CREATIVE PVT LTD | C97: TREE | D97: -20 | E97: PCS | I97: 1 | J97: Cra Tree | K97: 340881030 | L97: 🔍 TREE | M97: 38
A98: 95 | B98: CRA CREATIVE PVT LTD | C98: HALLY LEAF | D98: -5 | E98: PCS | I98: 1 | J98: Cra Hally | K98: 1443281762 | L98: 🔍 HALLY LEAF | M98: 25
A99: 96 | B99: TAURUS HOME | C99: ACT-1018-011 | D99: -323 | E99: PCS | F99: PART BILLING | I99: 1 | J99: T1018011 | K99: 1149010944 | L99: 🔍 ACT-1018-011 | M99: 8
A100: 97 | B100: TAURUS HOME | C100: TRS-0925-31 GREEN | D100: 6 | E100: PCS | F100: PART BILLING | I100: 1 | J100: T092531 | K100: 1211725013 | L100: 🔍 TRS-0925-31 GREEN | M100: 30
A101: 98 | B101: TAURUS HOME | C101: TRS-0825-02 BROWN | D101: 18 | E101: PCS | F101: PART BILLING | I101: 1 | J101: T082502 | K101: 41232755 | L101: 🔍 TRS-0825-02 BROWN
A102: 99 | B102: TAURUS HOME | C102: ACT-1018-011 | D102: 326 | E102: PCS | I102: 1 | J102: T101811N | K102: 1827899053 | L102: 🔍 ACT-1018-011
A103: 100 | B103: Aman Ashoka | C103: Ashoka 60x62 | D103: 0 | E103: Pcs | I103: 2 | J103: A Ashoka | K103: 1368002521 | L103: 🔍 Ashoka 60x62
A104: 101 | B104: Aman Ashoka | C104: Ashoka 60x60 | D104: 0 | E104: Pcs | I104: 2 | J104: A Ashoka | K104: 1368002521 | L104: 🔍 Ashoka 60x60
A105: 102 | B105: Aman Ashoka | C105: Ashoka 20x24 | D105: 0 | E105: Pcs | I105: 2 | J105: A Ashoka | K105: 1368002521 | L105: 🔍 Ashoka 20x24
A106: 103 | B106: Aman Ashoka | C106: Ashoka 20x29 | D106: 0 | E106: Pcs | I106: 2 | J106: A Ashoka | K106: 1368002521 | L106: 🔍 Ashoka 20x29
A107: 104 | B107: Aman Ashoka | C107: Ashoka 20x23 | D107: 0 | E107: Pcs | I107: 2 | J107: A Ashoka | K107: 1368002521 | L107: 🔍 Ashoka 20x23
A108: 105 | B108: AMAN EMBROIDERY | C108: B/Mat Kida (Chiraag) | D108: 0 | E108: PCS | I108: 2 | J108: A Kida | K108: 557832163 | L108: 🔍 B/Mat Kida (Chiraag)
A109: 106 | B109: ART & DESIGN | C109: D-1385 MUL SUIT | D109: 0 | E109: PCS | I109: 2 | J109: A1385 | K109: 330320323 | L109: 🔍 D-1385 MUL SUIT
A110: 107 | B110: ART & DESIGN | C110: D-1498 M MUL SUIT | D110: 0 | E110: PCS | I110: 2 | J110: AD1498 | K110: 516431580 | L110: 🔍 D-1498 M MUL SUIT
A111: 108 | B111: ART & DESIGN | C111: D-1438 M STOCK MUL SUIT | D111: 0 | E111: PCS | I111: 2 | J111: ART1438 | K111: 1562254374 | L111: 🔍 D-1438 M STOCK MUL SUIT
A112: 109 | B112: ART & DESIGN | C112: 1D-1416 M MUL SUIT | D112: 0 | E112: PCS | I112: 2 | J112: 1AD1416 | K112: 868090790 | L112: 🔍 1D-1416 M MUL SUIT
A113: 110 | B113: ART & DESIGN | C113: 1D-1549 M MUL SUIT | D113: 0 | E113: PCS | I113: 2 | J113: 1AD1549 | K113: 266789238 | L113: 🔍 1D-1549 M MUL SUIT
... A125: 122 | B125: ART & DESIGN | C125: D-1415 STK MUL SUIT | D125: 0 | E125: PCS | I125: 2 | J125: A1415STK | K125: 1429804730 | L125: 🔍 D-1415 STK MUL SUIT
A126: 123 | B126: ART & DESIGN | C126: 1558 | D126: 0 | E126: PCS | I126: 2 | J126: A1558 | K126: 1335253476 | L126: 🔍 1558
A127: 124 | B127: TAURUS HOME FURNISHINGS | C127: ACT-0622-02 | D127: 0 | E127: PCS | I127: 2 | J127: TACT0622 | K127: 964675319 | L127: 🔍 ACT-0622-02
A128: 125 | B128: ART & DESIGN | C128: T-294 MUL | D128: 0 | E128: MTRS | F128: 46175 | G128: MC/26-27/23 | H128: 17268 | I128: 3 | J128: ART294 | K128: 165690413 | L128: 🔍 T-294 MUL
A129: 126 | B129: ART & DESIGN | C129: T-150 MUL THAN | D129: 0 | E129: MTRS | F129: 46175 | G129: MC/26-27/23 | H129: 11962 | I129: 3 | J129: ART150 | K129: 1275611068 | L129: 🔍 T-150 MUL THAN
A130: 127 | B130: ART & DESIGN | C130: D-1415 MUL SUIT | D130: 0 | E130: PCS | F130: 46197 | G130: MC/26-27/34 | H130: 30132 | I130: 3 | J130: A1415 | K130: 1036619668 | L130: 🔍 D-1415 MUL SUIT
A131: 128 | B131: ART & DESIGN | C131: D-1552 ORGANZA SUIT | D131: 0 | E131: PCS | F131: 46197 | G131: MC/26-27/34 | H131: 38479 | I131: 3 | J131: A1552NEW | K131: 947689809 | L131: 🔍 D-1552 ORGANZA SUIT
A132: 129 | B132: ART & DESIGN | C132: D-1552 ORGANZA SUIT | D132: 0 | E132: PCS | F132: 46182 | G132: MC/26-27/24 | H132: 56741 | I132: 3 | J132: A1552OLD | K132: 1295179493 | L132: 🔍 D-1552 ORGANZA SUIT
A133: 130 | B133: ART & DESIGN | C133: D-1174 SAREE OLD | D133: 0 | E133: PCS | F133: 46197 | G133: MC/26-27/36 | H133: 39249 | I133: 3 | J133: D1174SAREE | K133: 1993610416 | L133: 🔍 D-1174 SAREE OLD
A134: 131 | B134: ART & DESIGN | C134: D-1462 ORGANZA SUIT | D134: 0 | E134: PCS | F134: 46185 | G134: mc/26-27/29 | H134: 32053 | I134: 3 | J134: D1462SUIT | K134: 578589641 | L134: 🔍 D-1462 ORGANZA SUIT
A135: 132 | B135: ART & DESIGN | C135: D-1454 ORGANZA SUIT+DUPATTA | D135: 0 | E135: PCS | F135: 46185 | G135: mc/26-27/29 | H135: 21395 | I135: 3 | J135: D1454SD | K135: 1311539817 | L135: 🔍 D-1454 ORGANZA SUIT+DUPATTA
A136: 133 | B136: ART & DESIGN | C136: T-221 MUL JAMWAR PRINT OLD | D136: 0 | E136: MTRS | F136: 46197 | G136: MC/26-27/33 | H136: 21716 | I136: 3 | J136: AT221 | K136: 596430076 | L136: 🔍 T-221 MUL JAMWAR PRINT OLD
A137: 134 | B137: ART & DESIGN | C137: D-1416 M MUL SUIT | D137: 0 | E137: PCS | F137: 46197 | G137: MC/26-27/35 | H137: 21216 | I137: 3 | J137: AD1416 | K137: 835633393 | L137: 🔍 D-1416 M MUL SUIT
A138: 135 | B138: ART & DESIGN | C138: D-1549 M MUL SUIT | D138: 0 | E138: PCS | F138: 46197 | G138: MC/26-27/35 | H138: 19336 | I138: 3 | J138: AD1549 | K138: 1014309328 | L138: 🔍 D-1549 M MUL SUIT
A139: 136 | B139: ART & DESIGN | C139: D-1363 TISSUE SAREE | D139: 0 | E139: PCS | F139: 46224 | G139: 40 | H139: 30932 | I139: 3 | J139: ART1363 | K139: 1489139225 | L139: 🔍 D-1363 TISSUE SAREE
A140: 137 | B140: ART & DESIGN | C140: D-1552 ORGANZA SUIT | D140: 0 | E140: PCS | F140: 46197 | G140: MC/26-27/33 | H140: 28044 | I140: 3 | J140: A1552NEW | K140: 947689809 | L140: 🔍 D-1552 ORGANZA SUIT
A141: 138 | B141: KRITIKA CREATION | C141: TREE AARI 60 | D141: 0 | E141: PCS | F141: 46190 | G141: MC/26-27/31 | H141: 85000 | I141: 3 | J141: KCT | K141: 1813039516 | L141: 🔍 TREE AARI 60
A142: 139 | B142: KRITIKA CREATION | C142: COUSHION MAHAJAN | D142: 0 | E142: PCS | F142: 46186 | G142: mc/2026-27/30 | H142: 77500 | I142: 3 | J142: KCC | K142: 490532876 | L142: 🔍 COUSHION MAHAJAN
A143: 140 | B143: TAURUS HOME | C143: CPTR - 0421 - 02 | D143: 0 | E143: PCS | F143: 46154 | G143: MC/26-27/16 | H143: 438900 | I143: 3 | J143: T042102 | K143: 1176506853 | L143: 🔍 CPTR - 0421 - 02
A144: 141 | B144: TAURUS HOME | C144: CPTR-1024-04 | D144: 0 | E144: PCS | F144: 46154 | G144: MC/26-27/17 | H144: 190579 | I144: 3 | J144: T102404 | K144: 86307262 | L144: 🔍 CPTR-1024-04
A145: 142 | B145: TAURUS HOME | C145: TRS-0225-126 | D145: 0 | E145: PCS | F145: 46183 | G145: MC/26-27/25 | H145: 92529 | I145: 3 | J145: T0225 | K145: 975539521 | L145: 🔍 TRS-0225-126
A146: 143 | B146: TAURUS HOME FURNISHINGS | C146: TRS-0925-11 RED | D146: 0 | E146: PCS | F146: 46183 | G146: MC/26-27/27 | H146: 36225 | I146: 3 | J146: TRS092511 | K146: 284372122 | L146: 🔍 TRS-0925-11 RED
A147: 144 | B147: TAURUS HOME FURNISHINGS | C147: TRS-0925-55 GREEN | D147: 0 | E147: PCS | F147: 46183 | G147: MC/26-27/28 | H147: 56700 | I147: 3 | J147: TRS092555 | K147: 1129433037 | L147: 🔍 TRS-0925-55 GREEN
A148: 145 | B148: TAURUS HOME FURNISHINGS | C148: TRS-043 BEIGE/RUST | D148: 0 | E148: PCS | F148: 46183 | G148: MC/26-27/26 | H148: 6342 | I148: 3 | J148: TRS043 | K148: 53293678 | L148: 🔍 TRS-043 BEIGE/RUST
A149: 146
A150: 147
A151: 148
A152: 149
A153: 150
A154: 151
A155: 152
A156: 153
A157: 154
A158: 155
A159: 156
A160: 157
... A430: 427

Sheet A1481-2
A1: ⬅ BACK TO REPORT
A2: Vendor Name | C2: ART & DESIGN | D2: Invoice Amount
A3: Place | C3: NOIDA | D3: In | E3: =SUM(D9:D100) -> 59
A4: Style / Po No.: | C4: D-1481 MUL SUIT | D4: Out | E4: =SUM(E9:E100) -> 0
A5: Invoice Date | D5: Bal Qty | E5: {=LOOKUP(9,1/(F:F<>""),F:F)} -> 59
A6: Invoice Number | D6: Unit | E6: PCS
A8: Date | B8: Challan No. | C8: Size | D8: Inward Qty | E8: Outward Qty | F8: Balance
A9: 46234 | B9: JB-0634/26-27 | C9: =C4 -> D-1481 MUL SUIT | D9: 59 | F9: =D9-E9 -> 59
F10: =IF(OR(D10<>"",E10<>""),F9+D10-E10,"")
F11: =IF(OR(D11<>"",E11<>""),F10+D11-E11,"")
F12: =IF(OR(D12<>"",E12<>""),F11+D12-E12,"")
F13: =IF(OR(D13<>"",E13<>""),F12+D13-E13,"")
F14: =IF(OR(D14<>"",E14<>""),F13+D14-E14,"")
F15: =IF(OR(D15<>"",E15<>""),F14+D15-E15,"")
F16: =IF(OR(D16<>"",E16<>""),F15+D16-E16,"")
F17: =IF(OR(D17<>"",E17<>""),F16+D17-E17,"")
F18: =IF(OR(D18<>"",E18<>""),F17+D18-E18,"")
F19: =IF(OR(D19<>"",E19<>""),F18+D19-E19,"")
F20: =IF(OR(D20<>"",E20<>""),F19+D20-E20,"")
F21: =IF(OR(D21<>"",E21<>""),F20+D21-E21,"")
... F52: =IF(OR(D52<>"",E52<>""),F51+D52-E52,"")

Sheet A1476-2
A1: ⬅ BACK TO REPORT
A2: Vendor Name | C2: ART & DESIGN | D2: Invoice Amount
A3: Place | C3: NOIDA | D3: In | E3: =SUM(D9:D100) -> 50
A4: Style / Po No.: | C4: D-1476 MUL SUIT | D4: Out | E4: =SUM(E9:E100) -> 0
A5: Invoice Date | D5: Bal Qty | E5: {=LOOKUP(9,1/(F:F<>""),F:F)} -> 50
A6: Invoice Number | D6: Unit | E6: PCS
A8: Date | B8: Challan No. | C8: Size | D8: Inward Qty | E8: Outward Qty | F8: Balance
A9: 46234 | B9: JB-0634/26-27 | C9: =C4 -> D-1476 MUL SUIT | D9: 50 | F9: =D9-E9 -> 50
F10: =IF(OR(D10<>"",E10<>""),F9+D10-E10,"")
F11: =IF(OR(D11<>"",E11<>""),F10+D11-E11,"")
F12: =IF(OR(D12<>"",E12<>""),F11+D12-E12,"")
F13: =IF(OR(D13<>"",E13<>""),F12+D13-E13,"")
F14: =IF(OR(D14<>"",E14<>""),F13+D14-E14,"")
F15: =IF(OR(D15<>"",E15<>""),F14+D15-E15,"")
F16: =IF(OR(D16<>"",E16<>""),F15+D16-E16,"")
F17: =IF(OR(D17<>"",E17<>""),F16+D17-E17,"")
F18: =IF(OR(D18<>"",E18<>""),F17+D18-E18,"")
F19: =IF(OR(D19<>"",E19<>""),F18+D19-E19,"")
F20: =IF(OR(D20<>"",E20<>""),F19+D20-E20,"")
F21: =IF(OR(D21<>"",E21<>""),F20+D21-E21,"")
... F52: =IF(OR(D52<>"",E52<>""),F51+D52-E52,"")

Sheet A1415-2
A1: ⬅ BACK TO REPORT
A2: Vendor Name | C2: ART & DESIGN | D2: Invoice Amount
A3: Place | C3: NOIDA | D3: In | E3: =SUM(D9:D100) -> 50
A4: Style / Po No.: | C4: D-1415 MUL SUIT | D4: Out | E4: =SUM(E9:E100) -> 0
A5: Invoice Date | D5: Bal Qty | E5: {=LOOKUP(9,1/(F:F<>""),F:F)} -> 50
A6: Invoice Number | D6: Unit | E6: PCS
A8: Date | B8: Challan No. | C8: Size | D8: Inward Qty | E8: Outward Qty | F8: Balance
A9: 46234 | B9: JB-0634/26-27 | C9: =C4 -> D-1415 MUL SUIT | D9: 50 | F9: =D9-E9 -> 50
F10: =IF(OR(D10<>"",E10<>""),F9+D10-E10,"")
F11: =IF(OR(D11<>"",E11<>""),F10+D11-E11,"")
F12: =IF(OR(D12<>"",E12<>""),F11+D12-E12,"")
F13: =IF(OR(D13<>"",E13<>""),F12+D13-E13,"")
F14: =IF(OR(D14<>"",E14<>""),F13+D14-E14,"")
F15: =IF(OR(D15<>"",E15<>""),F14+D15-E15,"")
F16: =IF(OR(D16<>"",E16<>""),F15+D16-E16,"")
F17: =IF(OR(D17<>"",E17<>""),F16+D17-E17,"")
F18: =IF(OR(D18<>"",E18<>""),F17+D18-E18,"")
F19: =IF(OR(D19<>"",E19<>""),F18+D19-E19,"")
F20: =IF(OR(D20<>"",E20<>""),F19+D20-E20,"")
F21: =IF(OR(D21<>"",E21<>""),F20+D21-E21,"")
... F52: =IF(OR(D52<>"",E52<>""),F51+D52-E52,"")

Sheet A1558
A1: ⬅ BACK TO REPORT
A2: Vendor Name | C2: ART & DESIGN | D2: Invoice Amount
A3: Place | C3: NOIDA | D3: In | E3: =SUM(D9:D100) -> 43
A4: Style / Po No.: | C4: 1558 | D4: Out | E4: =SUM(E9:E100) -> 43
A5: Invoice Date | D5: Bal Qty | E5: {=LOOKUP(9,1/(F:F<>""),F:F)} -> 0
A6: Invoice Number | D6: Unit | E6: PCS
A8: Date | B8: Challan No. | C8: Size | D8: Inward Qty | E8: Outward Qty | F8: Balance
A9: 46234 | B9: WITHOUT CHALLAN | C9: =C4 -> 1558 | D9: 43 | F9: =D9-E9 -> 43
A10: 46234 | B10: 1889 | E10: 43 | F10: =IF(OR(D10<>"",E10<>""),F9+D10-E10,"") -> 0
F11: =IF(OR(D11<>"",E11<>""),F10+D11-E11,"")
F12: =IF(OR(D12<>"",E12<>""),F11+D12-E12,"")
F13: =IF(OR(D13<>"",E13<>""),F12+D13-E13,"")
F14: =IF(OR(D14<>"",E14<>""),F13+D14-E14,"")
F15: =IF(OR(D15<>"",E15<>""),F14+D15-E15,"")
F16: =IF(OR(D16<>"",E16<>""),F15+D16-E16,"")
F17: =IF(OR(D17<>"",E17<>""),F16+D17-E17,"")
F18: =IF(OR(D18<>"",E18<>""),F17+D18-E18,"")
F19: =IF(OR(D19<>"",E19<>""),F18+D19-E19,"")
F20: =IF(OR(D20<>"",E20<>""),F19+D20-E20,"")
F21: =IF(OR(D21<>"",E21<>""),F20+D21-E21,"")
F22: =IF(OR(D22<>"",E22<>""),F21+D22-E22,"")
... F52: =IF(OR(D52<>"",E52<>""),F51+D52-E52,"")

Sheet A1552SAREE
A1: ⬅ BACK TO REPORT
A2: Vendor Name | C2: ART & DESIGN | D2: Invoice Amount
A3: Place | C3: NOIDA | D3: In | E3: =SUM(D9:D100) -> 0
A4: Style / Po No.: | C4: 1552 SAREE | D4: Out | E4: =SUM(E9:E100) -> 53
A5: Invoice Date | D5: Bal Qty | E5: {=LOOKUP(9,1/(F:F<>""),F:F)} -> -53
A6: Invoice Number | D6: Unit | E6: PCS
A8: Date | B8: Challan No. | C8: Size | D8: Inward Qty | E8: Outward Qty | F8: Balance
A9: 46228 | B9: 1886 | C9: =C4 -> 1552 SAREE | E9: 53 | F9: =D9-E9 -> -53
F10: =IF(OR(D10<>"",E10<>""),F9+D10-E10,"")
F11: =IF(OR(D11<>"",E11<>""),F10+D11-E11,"")
F12: =IF(OR(D12<>"",E12<>""),F11+D12-E12,"")
F13: =IF(OR(D13<>"",E13<>""),F12+D13-E13,"")
F14: =IF(OR(D14<>"",E14<>""),F13+D14-E14,"")
F15: =IF(OR(D15<>"",E15<>""),F14+D15-E15,"")
F16: =IF(OR(D16<>"",E16<>""),F15+D16-E16,"")
F17: =IF(OR(D17<>"",E17<>""),F16+D17-E17,"")
F18: =IF(OR(D18<>"",E18<>""),F17+D18-E18,"")
F19: =IF(OR(D19<>"",E19<>""),F18+D19-E19,"")
F20: =IF(OR(D20<>"",E20<>""),F19+D20-E20,"")
F21: =IF(OR(D21<>"",E21<>""),F20+D21-E21,"")
... F52: =IF(OR(D52<>"",E52<>""),F51+D52-E52,"")

Sheet A1481STK
A1: ⬅ BACK TO REPORT
A2: Vendor Name | C2: ART & DESIGN | D2: Invoice Amount
A3: Place | C3: NOIDA | D3: In | E3: =SUM(D9:D100) -> 50
A4: Style / Po No.: | C4: D-1481 STK MUL SUIT | D4: Out | E4: =SUM(E9:E100) -> 0
A5: Invoice Date | D5: Bal Qty | E5: {=LOOKUP(9,1/(F:F<>""),F:F)} -> 50
A6: Invoice Number | D6: Unit | E6: PCS
A8: Date | B8: Challan No. | C8: Size | D8: Inward Qty | E8: Outward Qty | F8: Balance
A9: 46228 | B9: JB-0606/26-27 | C9: =C4 -> D-1481 STK MUL SUIT | D9: 50 | F9: =D9-E9 -> 50
F10: =IF(OR(D10<>"",E10<>""),F9+D10-E10,"")
F11: =IF(OR(D11<>"",E11<>""),F10+D11-E11,"")
F12: =IF(OR(D12<>"",E12<>""),F11+D12-E12,"")
F13: =IF(OR(D13<>"",E13<>""),F12+D13-E13,"")
F14: =IF(OR(D14<>"",E14<>""),F13+D14-E14,"")
F15: =IF(OR(D15<>"",E15<>""),F14+D15-E15,"")
F16: =IF(OR(D16<>"",E16<>""),F15+D16-E16,"")
F17: =IF(OR(D17<>"",E17<>""),F16+D17-E17,"")
F18: =IF(OR(D18<>"",E18<>""),F17+D18-E18,"")
F19: =IF(OR(D19<>"",E19<>""),F18+D19-E19,"")
F20: =IF(OR(D20<>"",E20<>""),F19+D20-E20,"")
F21: =IF(OR(D21<>"",E21<>""),F20+D21-E21,"")
... F52: =IF(OR(D52<>"",E52<>""),F51+D52-E52,"")

Sheet AMANSLAB
A1: ⬅ BACK TO REPORT
A2: Vendor Name | C2: AMAN EMBROIDERY | D2: Invoice Amount
A3: Place | C3: PANIPAT | D3: In | E3: =SUM(D9:D100) -> 0
A4: Style / Po No.: | C4: SLAB | D4: Out | E4: =SUM(E9:E100) -> 605
A5: Invoice Date | D5: Bal Qty | E5: {=LOOKUP(9,1/(F:F<>""),F:F)} -> -605
A6: Invoice Number | D6: Unit | E6: PCS
A8: Date | B8: Challan No. | C8: Size | D8: Inward Qty | E8: Outward Qty | F8: Balance
A9: 46225 | B9: 79 | C9: =C4 -> SLAB | E9: 7 | F9: =D9-E9 -> -7 | H9: PLUS 1 O/S
A10: 46229 | B10: 80 | E10: 598 | F10: =IF(OR(D10<>"",E10<>""),F9+D10-E10,"") -> -605
F11: =IF(OR(D11<>"",E11<>""),F10+D11-E11,"")
F12: =IF(OR(D12<>"",E12<>""),F11+D12-E12,"")
F13: =IF(OR(D13<>"",E13<>""),F12+D13-E13,"")
F14: =IF(OR(D14<>"",E14<>""),F13+D14-E14,"")
F15: =IF(OR(D15<>"",E15<>""),F14+D15-E15,"")
F16: =IF(OR(D16<>"",E16<>""),F15+D16-E16,"")
F17: =IF(OR(D17<>"",E17<>""),F16+D17-E17,"")
F18: =IF(OR(D18<>"",E18<>""),F17+D18-E18,"")
F19: =IF(OR(D19<>"",E19<>""),F18+D19-E19,"")
F20: =IF(OR(D20<>"",E20<>""),F19+D20-E20,"")
F21: =IF(OR(D21<>"",E21<>""),F20+D21-E21,"")
F22: =IF(OR(D22<>"",E22<>""),F21+D22-E22,"")
... F52: =IF(OR(D52<>"",E52<>""),F51+D52-E52,"")

Sheet A1415O
A1: ⬅ BACK TO REPORT
A2: Vendor Name | C2: ART & DESIGN | D2: Invoice Amount
A3: Place | C3: NOIDA | D3: In | E3: =SUM(D9:D100) -> 37
A4: Style / Po No.: | C4: D-1415 ORGANZA SUIT | D4: Out | E4: =SUM(E9:E100) -> 37
A5: Invoice Date | D5: Bal Qty | E5: {=LOOKUP(9,1/(F:F<>""),F:F)} -> 0
A6: Invoice Number | D6: Unit | E6: PCS
A8: Date | B8: Challan No. | C8: Size | D8: Inward Qty | E8: Outward Qty | F8: Balance
A9: 46228 | B9: JB-0606/26-27 | C9: =C4 -> D-1415 ORGANZA SUIT | D9: 37 | F9: =D9-E9 -> 37
A10: 46241 | B10: 1891 | E10: 37 | F10: =IF(OR(D10<>"",E10<>""),F9+D10-E10,"") -> 0
F11: =IF(OR(D11<>"",E11<>""),F10+D11-E11,"")
F12: =IF(OR(D12<>"",E12<>""),F11+D12-E12,"")
F13: =IF(OR(D13<>"",E13<>""),F12+D13-E13,"")
F14: =IF(OR(D14<>"",E14<>""),F13+D14-E14,"")
F15: =IF(OR(D15<>"",E15<>""),F14+D15-E15,"")
F16: =IF(OR(D16<>"",E16<>""),F15+D16-E16,"")
F17: =IF(OR(D17<>"",E17<>""),F16+D17-E17,"")
F18: =IF(OR(D18<>"",E18<>""),F17+D18-E18,"")
F19: =IF(OR(D19<>"",E19<>""),F18+D19-E19,"")
F20: =IF(OR(D20<>"",E20<>""),F19+D20-E20,"")
F21: =IF(OR(D21<>"",E21<>""),F20+D21-E21,"")
F22: =IF(OR(D22<>"",E22<>""),F21+D22-E22,"")
... F52: =IF(OR(D52<>"",E52<>""),F51+D52-E52,"")

Sheet A1476O
A1: ⬅ BACK TO REPORT
A2: Vendor Name | C2: ART & DESIGN | D2: Invoice Amount
A3: Place | C3: NOIDA | D3: In | E3: =SUM(D9:D100) -> 37
A4: Style / Po No.: | C4: D-1476 ORGANZA SUIT | D4: Out | E4: =SUM(E9:E100) -> 37
A5: Invoice Date | D5: Bal Qty | E5: {=LOOKUP(9,1/(F:F<>""),F:F)} -> 0
A6: Invoice Number | D6: Unit | E6: PCS
A8: Date | B8: Challan No. | C8: Size | D8: Inward Qty | E8: Outward Qty | F8: Balance
A9: 46228 | B9: JB-0606/26-27 | C9: =C4 -> D-1476 ORGANZA SUIT | D9: 37 | F9: =D9-E9 -> 37
A10: 46239 | B10: 1890 | E10: 2 | F10: =IF(OR(D10<>"",E10<>""),F9+D10-E10,"") -> 35
A11: 46244 | B11: 1894 | E11: 35 | F11: =IF(OR(D11<>"",E11<>""),F10+D11-E11,"") -> 0
F12: =IF(OR(D12<>"",E12<>""),F11+D12-E12,"")
F13: =IF(OR(D13<>"",E13<>""),F12+D13-E13,"")
F14: =IF(OR(D14<>"",E14<>""),F13+D14-E14,"")
F15: =IF(OR(D15<>"",E15<>""),F14+D15-E15,"")
F16: =IF(OR(D16<>"",E16<>""),F15+D16-E16,"")
F17: =IF(OR(D17<>"",E17<>""),F16+D17-E17,"")
F18: =IF(OR(D18<>"",E18<>""),F17+D18-E18,"")
F19: =IF(OR(D19<>"",E19<>""),F18+D19-E19,"")
F20: =IF(OR(D20<>"",E20<>""),F19+D20-E20,"")
F21: =IF(OR(D21<>"",E21<>""),F20+D21-E21,"")
F22: =IF(OR(D22<>"",E22<>""),F21+D22-E22,"")
F23: =IF(OR(D23<>"",E23<>""),F22+D23-E23,"")
... F52: =IF(OR(D52<>"",E52<>""),F51+D52-E52,"")

Sheet A1415STK
A1: ⬅ BACK TO REPORT
A2: Vendor Name | C2: ART & DESIGN | D2: Invoice Amount
A3: Place | C3: NOIDA | D3: In | E3: =SUM(D9:D100) -> 50
A4: Style / Po No.: | C4: D-1415 STK MUL SUIT | D4: Out | E4: =SUM(E9:E100) -> 50
A5: Invoice Date | D5: Bal Qty | E5: {=LOOKUP(9,1/(F:F<>""),F:F)} -> 0
A6: Invoice Number | D6: Unit | E6: PCS
A8: Date | B8: Challan No. | C8: Size | D8: Inward Qty | E8: Outward Qty | F8: Balance
A9: 46228 | B9: JB-0606/26-27 | C9: =C4 -> D-1415 STK MUL SUIT | D9: 50 | F9: =D9-E9 -> 50
A10: 46241 | B10: 1891 | C10: 1893 | E10: 50 | F10: =IF(OR(D10<>"",E10<>""),F9+D10-E10,"") -> 0
F11: =IF(OR(D11<>"",E11<>""),F10+D11-E11,"")
F12: =IF(OR(D12<>"",E12<>""),F11+D12-E12,"")
F13: =IF(OR(D13<>"",E13<>""),F12+D13-E13,"")
F14: =IF(OR(D14<>"",E14<>""),F13+D14-E14,"")
F15: =IF(OR(D15<>"",E15<>""),F14+D15-E15,"")
F16: =IF(OR(D16<>"",E16<>""),F15+D16-E16,"")
F17: =IF(OR(D17<>"",E17<>""),F16+D17-E17,"")
F18: =IF(OR(D18<>"",E18<>""),F17+D18-E18,"")
F19: =IF(OR(D19<>"",E19<>""),F18+D19-E19,"")
F20: =IF(OR(D20<>"",E20<>""),F19+D20-E20,"")
F21: =IF(OR(D21<>"",E21<>""),F20+D21-E21,"")
F22: =IF(OR(D22<>"",E22<>""),F21+D22-E22,"")
... F52: =IF(OR(D52<>"",E52<>""),F51+D52-E52,"")

Sheet D1442
A1: ⬅ BACK TO REPORT
A2: Vendor Name | C2: ART & DESIGN | D2: Invoice Amount
A3: Place | C3: NOIDA | D3: In | E3: =SUM(D9:D100) -> 61
A4: Style / Po No.: | C4: D-1442 VISCOSE ORGANZA RED | D4: Out | E4: =SUM(E9:E100) -> 0
A5: Invoice Date | D5: Bal Qty | E5: {=LOOKUP(9,1/(F:F<>""),F:F)} -> 61
A6: Invoice Number | D6: Unit | E6: PCS
A8: Date | B8: Challan No. | C8: Size | D8: Inward Qty | E8: Outward Qty | F8: Balance
A9: 46224 | B9: JB-0578/26-27 | C9: =C4 -> D-1442 VISCOSE ORGANZA RED | D9: 47 | F9: =D9-E9 -> 47
A10: 46228 | B10: JB-0606/26-27 | C10: 1442 VISCOSE ORGANZA | D10: 14 | F10: =IF(OR(D10<>"",E10<>""),F9+D10-E10,"") -> 61
F11: =IF(OR(D11<>"",E11<>""),F10+D11-E11,"")
F12: =IF(OR(D12<>"",E12<>""),F11+D12-E12,"")
F13: =IF(OR(D13<>"",E13<>""),F12+D13-E13,"")
F14: =IF(OR(D14<>"",E14<>""),F13+D14-E14,"")
F15: =IF(OR(D15<>"",E15<>""),F14+D15-E15,"")
F16: =IF(OR(D16<>"",E16<>""),F15+D16-E16,"")
F17: =IF(OR(D17<>"",E17<>""),F16+D17-E17,"")
F18: =IF(OR(D18<>"",E18<>""),F17+D18-E18,"")
F19: =IF(OR(D19<>"",E19<>""),F18+D19-E19,"")
F20: =IF(OR(D20<>"",E20<>""),F19+D20-E20,"")
F21: =IF(OR(D21<>"",E21<>""),F20+D21-E21,"")
F22: =IF(OR(D22<>"",E22<>""),F21+D22-E22,"")
... F52: =IF(OR(D52<>"",E52<>""),F51+D52-E52,"")

Sheet ARTCREPE
A1: ⬅ BACK TO REPORT
A2: Vendor Name | C2: ART & DESIGN | D2: Invoice Amount
A3: Place | C3: NOIDA | D3: In | E3: =SUM(D9:D100) -> 62
A4: Style / Po No.: | C4: ART CREPE BLOUSE | D4: Out | E4: =SUM(E9:E100) -> 0
A5: Invoice Date | D5: Bal Qty | E5: {=LOOKUP(9,1/(F:F<>""),F:F)} -> 62
A6: Invoice Number | D6: Unit | E6: MTRS
A8: Date | B8: Challan No. | C8: Size | D8: Inward Qty | E8: Outward Qty | F8: Balance
A9: 46224 | B9: JB-0578/26-27 | C9: =C4 -> ART CREPE BLOUSE | D9: 46 | F9: =D9-E9 -> 46
A10: 46228 | B10: JB-0606/26-27 | C10: ART CREPE RED | D10: 16 | F10: =IF(OR(D10<>"",E10<>""),F9+D10-E10,"") -> 62
F11: =IF(OR(D11<>"",E11<>""),F10+D11-E11,"")
F12: =IF(OR(D12<>"",E12<>""),F11+D12-E12,"")
F13: =IF(OR(D13<>"",E13<>""),F12+D13-E13,"")
F14: =IF(OR(D14<>"",E14<>""),F13+D14-E14,"")
F15: =IF(OR(D15<>"",E15<>""),F14+D15-E15,"")
F16: =IF(OR(D16<>"",E16<>""),F15+D16-E16,"")
F17: =IF(OR(D17<>"",E17<>""),F16+D17-E17,"")
F18: =IF(OR(D18<>"",E18<>""),F17+D18-E18,"")
F19: =IF(OR(D19<>"",E19<>""),F18+D19-E19,"")
F20: =IF(OR(D20<>"",E20<>""),F19+D20-E20,"")
F21: =IF(OR(D21<>"",E21<>""),F20+D21-E21,"")
F22: =IF(OR(D22<>"",E22<>""),F21+D22-E22,"")
... F52: =IF(OR(D52<>"",E52<>""),F51+D52-E52,"")

Sheet AT221N
A1: ⬅ BACK TO REPORT | K1: =SUMIF(J9:J52,J1,K9:K52) -> 0
A2: Vendor Name | C2: ART & DESIGN | D2: Invoice Amount
A3: Place | C3: NOIDA | D3: In | E3: =SUM(D9:D100) -> 101.9
A4: Style / Po No.: | C4: T-221 JAMWAR PRINT MUL | D4: Out | E4: =SUM(E9:E100) -> 101.9
A5: Invoice Date | D5: Bal Qty | E5: {=LOOKUP(9,1/(F:F<>""),F:F)} -> 0
A6: Invoice Number | D6: Unit | E6: MTRS
H7: WORK ORDER NO. | K7: =SUM(K9:K102) -> 0
A8: Date | B8: Challan No. | C8: Size | D8: Inward Qty | E8: Outward Qty | F8: Balance | H8: Date | I8: Challan No. | J8: Item | K8: Qty | L8: Unit | M8: For
A9: 46224 | B9: JB-0578/26-27 | C9: =C4 -> T-221 JAMWAR PRINT MUL | D9: 43.55 | F9: =D9-E9 -> 43.55
A10: 46224 | D10: 58.35 | F10: =IF(OR(D10<>"",E10<>""),F9+D10-E10,"") -> 101.9
A11: 46232 | B11: 1888 | E11: 101.9 | F11: =IF(OR(D11<>"",E11<>""),F10+D11-E11,"") -> 0
F12: =IF(OR(D12<>"",E12<>""),F11+D12-E12,"")
F13: =IF(OR(D13<>"",E13<>""),F12+D13-E13,"")
F14: =IF(OR(D14<>"",E14<>""),F13+D14-E14,"")
F15: =IF(OR(D15<>"",E15<>""),F14+D15-E15,"")
F16: =IF(OR(D16<>"",E16<>""),F15+D16-E16,"")
F17: =IF(OR(D17<>"",E17<>""),F16+D17-E17,"")
F18: =IF(OR(D18<>"",E18<>""),F17+D18-E18,"")
F19: =IF(OR(D19<>"",E19<>""),F18+D19-E19,"")
F20: =IF(OR(D20<>"",E20<>""),F19+D20-E20,"")
F21: =IF(OR(D21<>"",E21<>""),F20+D21-E21,"")
F22: =IF(OR(D22<>"",E22<>""),F21+D22-E22,"")
F23: =IF(OR(D23<>"",E23<>""),F22+D23-E23,"")
... F52: =IF(OR(D52<>"",E52<>""),F51+D52-E52,"")

Sheet AT214
A1: ⬅ BACK TO REPORT | K1: =SUMIF(J9:J52,J1,K9:K52) -> 0
A2: Vendor Name | C2: ART & DESIGN | D2: Invoice Amount
A3: Place | C3: NOIDA | D3: In | E3: =SUM(D9:D100) -> 191.3
A4: Style / Po No.: | C4: T-214 GOLD TISSUE | D4: Out | E4: =SUM(E9:E100) -> 191.3
A5: Invoice Date | D5: Bal Qty | E5: {=LOOKUP(9,1/(F:F<>""),F:F)} -> 0
A6: Invoice Number | D6: Unit | E6: MTRS
H7: WORK ORDER NO. | K7: =SUM(K9:K102) -> 0
A8: Date | B8: Challan No. | C8: Size | D8: Inward Qty | E8: Outward Qty | F8: Balance | H8: Date | I8: Challan No. | J8: Item | K8: Qty | L8: Unit | M8: For
A9: 46224 | B9: JB-0578/26-27 | C9: =C4 -> T-214 GOLD TISSUE | D9: 191.3 | F9: =D9-E9 -> 191.3
A10: 46234 | B10: 1889 | E10: 191.3 | F10: =IF(OR(D10<>"",E10<>""),F9+D10-E10,"") -> 0
F11: =IF(OR(D11<>"",E11<>""),F10+D11-E11,"")
F12: =IF(OR(D12<>"",E12<>""),F11+D12-E12,"")
F13: =IF(OR(D13<>"",E13<>""),F12+D13-E13,"")
F14: =IF(OR(D14<>"",E14<>""),F13+D14-E14,"")
F15: =IF(OR(D15<>"",E15<>""),F14+D15-E15,"")
F16: =IF(OR(D16<>"",E16<>""),F15+D16-E16,"")
F17: =IF(OR(D17<>"",E17<>""),F16+D17-E17,"")
F18: =IF(OR(D18<>"",E18<>""),F17+D18-E18,"")
F19: =IF(OR(D19<>"",E19<>""),F18+D19-E19,"")
F20: =IF(OR(D20<>"",E20<>""),F19+D20-E20,"")
F21: =IF(OR(D21<>"",E21<>""),F20+D21-E21,"")
F22: =IF(OR(D22<>"",E22<>""),F21+D22-E22,"")
... F52: =IF(OR(D52<>"",E52<>""),F51+D52-E52,"")

Sheet ABEDD
A1: ⬅ BACK TO REPORT | H1: ⬅ BACK TO REPORT | O1: ⬅ BACK TO REPORT | V1: ⬅ BACK TO REPORT
A2: Vendor Name | C2: AMAN EMBROIDERY | D2: Invoice Amount | H2: Vendor Name | J2: AMAN EMBROIDERY | K2: Invoice Amount | O2: Vendor Name | Q2: AMAN EMBROIDERY | R2: Invoice Amount | V2: Vendor Name | X2: AMAN EMBROIDERY | Y2: Invoice Amount
A3: Place | C3: PANIPAT | D3: In | E3: =SUM(D9:D100) -> 0 | H3: Place | J3: PANIPAT | K3: In | L3: =SUM(K9:K100) -> 0 | O3: Place | Q3: PANIPAT | R3: In | S3: =SUM(R9:R100) -> 0 | V3: Place | X3: PANIPAT | Y3: In | Z3: =SUM(Y9:Y100) -> 0
A4: Style / Po No.: | C4: BED SHEET DIAMOND | D4: Out | E4: =SUM(E9:E100) -> 265 | H4: Style / Po No.: | J4: PILLOW DIAMOND FOME | K4: Out | L4: =SUM(L9:L100) -> 270 | O4: Style / Po No.: | Q4: PILLOW DIAMOND | R4: Out | S4: =SUM(S9:S100) -> 577 | V4: Style / Po No.: | X4: DIAMOND PILLO VELVATE | Y4: Out | Z4: =SUM(Z9:Z100) -> 257
A5: Invoice Date | D5: Bal Qty | E5: {=LOOKUP(9,1/(F:F<>""),F:F)} -> -265 | H5: Invoice Date | K5: Bal Qty | L5: {=LOOKUP(9,1/(M:M<>""),M:M)} -> -270 | O5: Invoice Date | R5: Bal Qty | S5: {=LOOKUP(9,1/(T:T<>""),T:T)} -> -577 | V5: Invoice Date | Y5: Bal Qty | Z5: {=LOOKUP(9,1/(AA:AA<>""),AA:AA)} -> -257
A6: Invoice Number | D6: Unit | E6: PCS | H6: Invoice Number | K6: Unit | L6: PCS | O6: Invoice Number | R6: Unit | S6: PCS | V6: Invoice Number | Y6: Unit | Z6: PCS
A8: Date | B8: Challan No. | C8: Size | D8: Inward Qty | E8: Outward Qty | F8: Balance | H8: Date | I8: Challan No. | J8: Size | K8: Inward Qty | L8: Outward Qty | M8: Balance | O8: Date | P8: Challan No. | Q8: Size | R8: Inward Qty | S8: Outward Qty | T8: Balance | V8: Date | W8: Challan No. | X8: Size | Y8: Inward Qty | Z8: Outward Qty | AA8: Balance
A9: 46177 | B9: 45 | C9: =C4 -> BED SHEET DIAMOND | E9: 32 | F9: =D9-E9 -> -32 | H9: 46184 | I9: 49 | J9: =J4 -> PILLOW DIAMOND FOME | L9: 270 | M9: =K9-L9 -> -270 | O9: 46185 | P9: 50 | Q9: =Q4 -> PILLOW DIAMOND | S9: 273 | T9: =R9-S9 -> -273 | V9: 46570 | W9: 72 | X9: =X4 -> DIAMOND PILLO VELVATE | Z9: 144 | AA9: =Y9-Z9 -> -144
A10: 46178 | B10: 46 | E10: 97 | F10: =IF(OR(D10<>"",E10<>""),F9+D10-E10,"") -> -129 | M10: =IF(OR(K10<>"",L10<>""),M9+K10-L10,"") | O10: 46202 | P10: 67 | S10: 304 | T10: =IF(OR(R10<>"",S10<>""),T9+R10-S10,"") -> -577 | V10: 46206 | W10: 73 | Z10: 113 | AA10: =IF(OR(Y10<>"",Z10<>""),AA9+Y10-Z10,"") -> -257
A11: 46181 | B11: 47 | E11: 19 | F11: =IF(OR(D11<>"",E11<>""),F10+D11-E11,"") -> -148 | M11: =IF(OR(K11<>"",L11<>""),M10+K11-L11,"") | T11: =IF(OR(R11<>"",S11<>""),T10+R11-S11,"") | AA11: =IF(OR(Y11<>"",Z11<>""),AA10+Y11-Z11,"")
A12: 46195 | B12: 60 | E12: 93 | F12: =IF(OR(D12<>"",E12<>""),F11+D12-E12,"") -> -241 | M12: =IF(OR(K12<>"",L12<>""),M11+K12-L12,"") | T12: =IF(OR(R12<>"",S12<>""),T11+R12-S12,"") | AA12: =IF(OR(Y12<>"",Z12<>""),AA11+Y12-Z12,"")
A13: 46205 | B13: 72 | E13: 24 | F13: =IF(OR(D13<>"",E13<>""),F12+D13-E13,"") -> -265 | M13: =IF(OR(K13<>"",L13<>""),M12+K13-L13,"") | T13: =IF(OR(R13<>"",S13<>""),T12+R13-S13,"") | AA13: =IF(OR(Y13<>"",Z13<>""),AA12+Y13-Z13,"")
F14: =IF(OR(D14<>"",E14<>""),F13+D14-E14,"") | M14: =IF(OR(K14<>"",L14<>""),M13+K14-L14,"") | T14: =IF(OR(R14<>"",S14<>""),T13+R14-S14,"") | AA14: =IF(OR(Y14<>"",Z14<>""),AA13+Y14-Z14,"")
F15: =IF(OR(D15<>"",E15<>""),F14+D15-E15,"") | M15: =IF(OR(K15<>"",L15<>""),M14+K15-L15,"") | T15: =IF(OR(R15<>"",S15<>""),T14+R15-S15,"") | AA15: =IF(OR(Y15<>"",Z15<>""),AA14+Y15-Z15,"")
F16: =IF(OR(D16<>"",E16<>""),F15+D16-E16,"") | M16: =IF(OR(K16<>"",L16<>""),M15+K16-L16,"") | T16: =IF(OR(R16<>"",S16<>""),T15+R16-S16,"") | AA16: =IF(OR(Y16<>"",Z16<>""),AA15+Y16-Z16,"")
F17: =IF(OR(D17<>"",E17<>""),F16+D17-E17,"") | M17: =IF(OR(K17<>"",L17<>""),M16+K17-L17,"") | T17: =IF(OR(R17<>"",S17<>""),T16+R17-S17,"") | AA17: =IF(OR(Y17<>"",Z17<>""),AA16+Y17-Z17,"")
F18: =IF(OR(D18<>"",E18<>""),F17+D18-E18,"") | M18: =IF(OR(K18<>"",L18<>""),M17+K18-L18,"") | T18: =IF(OR(R18<>"",S18<>""),T17+R18-S18,"") | AA18: =IF(OR(Y18<>"",Z18<>""),AA17+Y18-Z18,"")
F19: =IF(OR(D19<>"",E19<>""),F18+D19-E19,"") | M19: =IF(OR(K19<>"",L19<>""),M18+K19-L19,"") | T19: =IF(OR(R19<>"",S19<>""),T18+R19-S19,"") | AA19: =IF(OR(Y19<>"",Z19<>""),AA18+Y19-Z19,"")
F20: =IF(OR(D20<>"",E20<>""),F19+D20-E20,"") | M20: =IF(OR(K20<>"",L20<>""),M19+K20-L20,"") | T20: =IF(OR(R20<>"",S20<>""),T19+R20-S20,"") | AA20: =IF(OR(Y20<>"",Z20<>""),AA19+Y20-Z20,"")
F21: =IF(OR(D21<>"",E21<>""),F20+D21-E21,"") | M21: =IF(OR(K21<>"",L21<>""),M20+K21-L21,"") | T21: =IF(OR(R21<>"",S21<>""),T20+R21-S21,"") | AA21: =IF(OR(Y21<>"",Z21<>""),AA20+Y21-Z21,"")
F22: =IF(OR(D22<>"",E22<>""),F21+D22-E22,"") | M22: =IF(OR(K22<>"",L22<>""),M21+K22-L22,"") | T22: =IF(OR(R22<>"",S22<>""),T21+R22-S22,"") | AA22: =IF(OR(Y22<>"",Z22<>""),AA21+Y22-Z22,"")
F23: =IF(OR(D23<>"",E23<>""),F22+D23-E23,"") | M23: =IF(OR(K23<>"",L23<>""),M22+K23-L23,"") | T23: =IF(OR(R23<>"",S23<>""),T22+R23-S23,"") | AA23: =IF(OR(Y23<>"",Z23<>""),AA22+Y23-Z23,"")
F24: =IF(OR(D24<>"",E24<>""),F23+D24-E24,"") | M24: =IF(OR(K24<>"",L24<>""),M23+K24-L24,"") | T24: =IF(OR(R24<>"",S24<>""),T23+R24-S24,"") | AA24: =IF(OR(Y24<>"",Z24<>""),AA23+Y24-Z24,"")
F25: =IF(OR(D25<>"",E25<>""),F24+D25-E25,"") | M25: =IF(OR(K25<>"",L25<>""),M24+K25-L25,"") | T25: =IF(OR(R25<>"",S25<>""),T24+R25-S25,"") | AA25: =IF(OR(Y25<>"",Z25<>""),AA24+Y25-Z25,"")
... F52: =IF(OR(D52<>"",E52<>""),F51+D52-E52,"") | M52: =IF(OR(K52<>"",L52<>""),M51+K52-L52,"") | T52: =IF(OR(R52<>"",S52<>""),T51+R52-S52,"") | AA52: =IF(OR(Y52<>"",Z52<>""),AA51+Y52-Z52,"")

Sheet AMEHTA
A1: ⬅ BACK TO REPORT | Z1: Mtrs | AA1: Pcs | AB1: Mtrs
A2: AMAN MEHTA | C2: =C103 -> 133 | D2: =D103 -> 227 | E2: =E103 -> 153 | F2: =F103 -> 130 | G2: =G103 -> 183 | H2: =H103 -> 112 | I2: =I103 -> 92 | J2: =J103 -> 88 | ... AB2: =AB103 -> 0
A3: B/MAT | B3: Pcs | C3: B/MAT BEIGE 60X120 | D3: B/MAT WHITE 50X80 | E3: B/MAT WHITE CANTOOR | F3: B/MAT BEIGE CANTOOR | G3: B/MAT BEIGE 50X80 | H3: B/MAT GRAY CANTOOR | I3: B/MAT BEIGE 40X60 | J3: B/MAT GRAY 40X60 | K3: B/MAT GRAY 60X120 | L3: B/MAT WHITE 40X60 | M3: B/MAT WHITE 60X120 | N3: B/MAT GRAY 50X80
A4: Date | B4: Challan No.
C5: =C4-C2 -> -133 | D5: =D4-D2 -> -227 | E5: =E4-E2 -> -153 | F5: =F4-F2 -> -130 | G5: =G4-G2 -> -183 | H5: =H4-H2 -> -112 | I5: =I4-I2 -> -92 | J5: =J4-J2 -> -88 | ... AB5: =AB4-AB2 -> 0 | AD5: TOTAL
A6: 46199 | B6: 63 | C6: 5 | AD6: =sum(C6:X6) -> 5
A7: 46203 | B7: 69 | C7: 128 | D7: 170 | E7: 148 | G7: 150 | AD7: =sum(C7:X7) -> 596
A8: 46204 | B8: 70 | H8: 2 | AD8: =sum(C8:X8) -> 2
A9: 46205 | B9: 72 | D9: 57 | F9: 125 | G9: 3 | I9: 92 | J9: 88 | K9: 12 | L9: 90 | M9: 101 | AD9: =sum(C9:X9) -> 568
A10: 46209 | B10: 74 | H10: 50 | K10: 90 | AD10: =sum(C10:X10) -> 140
A11: 46214 | B11: 75 | H11: 59 | AD11: =sum(C11:X11) -> 59
A12: 46217 | B12: 77 | G12: 30 | AD12: =sum(C12:X12) -> 30
A13: 46220 | B13: 78 | M13: 46 | N13: 50 | AD13: =sum(C13:X13) -> 96
A14: 46225 | B14: 79 | N14: 20 | AD14: =sum(C14:X14) -> 20
A15: 46229 | B15: 80 | N15: 30 | AD15: =sum(C15:X15) -> 30
A16: 46233 | B16: 81 | N16: 66 | AD16: =sum(C16:X16) -> 66
A17: 46242 | B17: 82 | E17: 5 | F17: 5 | H17: 1 | K17: 2 | AD17: =sum(C17:X17) -> 13
AD18: =sum(C18:X18) -> 0
AD19: =sum(C19:X19) -> 0
AD20: =sum(C20:X20) -> 0
AD21: =sum(C21:X21) -> 0
AD22: =sum(C22:X22) -> 0
AD23: =sum(C23:X23) -> 0
AD24: =sum(C24:X24) -> 0
AD25: =sum(C25:X25) -> 0
AD26: =sum(C26:X26) -> 0
AD27: =sum(C27:X27) -> 0
AD28: =sum(C28:X28) -> 0
AD29: =sum(C29:X29) -> 0
... AD102: =sum(C102:X102) -> 0
B103: TOTAL | C103: =SUM(C6:C102) -> 133 | D103: =SUM(D6:D102) -> 227 | E103: =SUM(E6:E102) -> 153 | F103: =SUM(F6:F102) -> 130 | G103: =SUM(G6:G102) -> 183 | H103: =SUM(H6:H102) -> 112 | I103: =SUM(I6:I102) -> 92 | J103: =SUM(J6:J102) -> 88 | ... AB103: =SUM(AB6:AB102) -> 0 | AD103: =SUM(AD6:AD102) -> 1625
B104: Balance

Sheet A1552NEW
A1: ⬅ BACK TO REPORT | H1: ⬅ BACK TO REPORT | O1: ⬅ BACK TO REPORT
A2: Vendor Name | C2: ART & DESIGN | D2: Invoice Amount | E2: 38479 | H2: Vendor Name | J2: ART & DESIGN | K2: Invoice Amount | L2: 28044 | O2: Vendor Name | Q2: ART & DESIGN | R2: Invoice Amount
A3: Place | C3: NOIDA | D3: In | E3: =SUM(D9:D100) -> 59 | H3: Place | J3: NOIDA | K3: In | L3: =SUM(K9:K100) -> 43 | O3: Place | Q3: NOIDA | R3: In | S3: =SUM(R9:R100) -> 30
A4: Style / Po No.: | C4: D-1552 ORGANZA SUIT | D4: Out | E4: =SUM(E9:E100) -> 59 | H4: Style / Po No.: | J4: D-1552 ORGANZA SUIT | K4: Out | L4: =SUM(L9:L100) -> 43 | O4: Style / Po No.: | Q4: D-1552 ORGANZA SUIT | R4: Out | S4: =SUM(S9:S100) -> 30
A5: Invoice Date | C5: 46197 | D5: Bal Qty | E5: {=LOOKUP(9,1/(F:F<>""),F:F)} -> 0 | H5: Invoice Date | J5: 46197 | K5: Bal Qty | L5: {=LOOKUP(9,1/(M:M<>""),M:M)} -> 0 | O5: Invoice Date | R5: Bal Qty | S5: {=LOOKUP(9,1/(T:T<>""),T:T)} -> 0
A6: Invoice Number | C6: MC/26-27/34 | D6: Unit | E6: PCS | H6: Invoice Number | J6: MC/26-27/33 | K6: Unit | L6: PCS | O6: Invoice Number | R6: Unit | S6: PCS
A8: Date | B8: Challan No. | C8: Size | D8: Inward Qty | E8: Outward Qty | F8: Balance | H8: Date | I8: Challan No. | J8: Size | K8: Inward Qty | L8: Outward Qty | M8: Balance | O8: Date | P8: Challan No. | Q8: Size | R8: Inward Qty | S8: Outward Qty | T8: Balance
A9: 46175 | B9: JB-0301/26-27 | C9: =C4 -> D-1552 ORGANZA SUIT | D9: 59 | F9: =D9-E9 -> 59 | H9: 46185 | I9: JB-0355/26-27 | K9: 43 | M9: =K9-L9 -> 43 | O9: 46185 | P9: JB-0355/26-27 | R9: 30 | T9: =R9-S9 -> 30
A10: 46195 | B10: 1874 | E10: 59 | F10: =IF(OR(D10<>"",E10<>""),F9+D10-E10,"") -> 0 | H10: 46198 | I10: 1875 | J10: 2 PCS EXTRA SENT TO CUSTOMER | L10: 43 | M10: =IF(OR(K10<>"",L10<>""),M9+K10-L10,"") -> 0 | O10: 46571 | P10: 1878 | S10: 30 | T10: =IF(OR(R10<>"",S10<>""),T9+R10-S10,"") -> 0
F11: =IF(OR(D11<>"",E11<>""),F10+D11-E11,"") | M11: =IF(OR(K11<>"",L11<>""),M10+K11-L11,"") | T11: =IF(OR(R11<>"",S11<>""),T10+R11-S11,"")
F12: =IF(OR(D12<>"",E12<>""),F11+D12-E12,"") | M12: =IF(OR(K12<>"",L12<>""),M11+K12-L12,"") | T12: =IF(OR(R12<>"",S12<>""),T11+R12-S12,"")
F13: =IF(OR(D13<>"",E13<>""),F12+D13-E13,"") | M13: =IF(OR(K13<>"",L13<>""),M12+K13-L13,"") | T13: =IF(OR(R13<>"",S13<>""),T12+R13-S13,"")
F14: =IF(OR(D14<>"",E14<>""),F13+D14-E14,"") | M14: =IF(OR(K14<>"",L14<>""),M13+K14-L14,"") | T14: =IF(OR(R14<>"",S14<>""),T13+R14-S14,"")
F15: =IF(OR(D15<>"",E15<>""),F14+D15-E15,"") | M15: =IF(OR(K15<>"",L15<>""),M14+K15-L15,"") | T15: =IF(OR(R15<>"",S15<>""),T14+R15-S15,"")
F16: =IF(OR(D16<>"",E16<>""),F15+D16-E16,"") | M16: =IF(OR(K16<>"",L16<>""),M15+K16-L16,"") | T16: =IF(OR(R16<>"",S16<>""),T15+R16-S16,"")
F17: =IF(OR(D17<>"",E17<>""),F16+D17-E17,"") | M17: =IF(OR(K17<>"",L17<>""),M16+K17-L17,"") | T17: =IF(OR(R17<>"",S17<>""),T16+R17-S17,"")
F18: =IF(OR(D18<>"",E18<>""),F17+D18-E18,"") | M18: =IF(OR(K18<>"",L18<>""),M17+K18-L18,"") | T18: =IF(OR(R18<>"",S18<>""),T17+R18-S18,"")
F19: =IF(OR(D19<>"",E19<>""),F18+D19-E19,"") | M19: =IF(OR(K19<>"",L19<>""),M18+K19-L19,"") | T19: =IF(OR(R19<>"",S19<>""),T18+R19-S19,"")
F20: =IF(OR(D20<>"",E20<>""),F19+D20-E20,"") | M20: =IF(OR(K20<>"",L20<>""),M19+K20-L20,"") | T20: =IF(OR(R20<>"",S20<>""),T19+R20-S20,"")
F21: =IF(OR(D21<>"",E21<>""),F20+D21-E21,"") | M21: =IF(OR(K21<>"",L21<>""),M20+K21-L21,"") | T21: =IF(OR(R21<>"",S21<>""),T20+R21-S21,"")
F22: =IF(OR(D22<>"",E22<>""),F21+D22-E22,"") | M22: =IF(OR(K22<>"",L22<>""),M21+K22-L22,"") | T22: =IF(OR(R22<>"",S22<>""),T21+R22-S22,"")
... F52: =IF(OR(D52<>"",E52<>""),F51+D52-E52,"") | M52: =IF(OR(K52<>"",L52<>""),M51+K52-L52,"") | T52: =IF(OR(R52<>"",S52<>""),T51+R52-S52,"")

Sheet 1174SAREENEW
A1: ⬅ BACK TO REPORT | K1: =SUMIF(J9:J52,J1,K9:K52) -> 0
A2: Vendor Name | C2: ART & DESIGN | D2: Invoice Amount
A3: Place | C3: NOIDA | D3: In | E3: =SUM(D9:D100) -> 36
A4: Style / Po No.: | C4: D-1174 SAREE | D4: Out | E4: =SUM(E9:E100) -> 36
A5: Invoice Date | D5: Bal Qty | E5: {=LOOKUP(9,1/(F:F<>""),F:F)} -> 0
A6: Invoice Number | D6: Unit | E6: PCS
H7: WORK ORDER NO. | K7: =SUM(K9:K102) -> 0
A8: Date | B8: Challan No. | C8: Size | D8: Inward Qty | E8: Outward Qty | F8: Balance | H8: Date | I8: Challan No. | J8: Item | K8: Qty | L8: Unit | M8: For
A9: 46203 | B9: JB-0464/26-27 | C9: =C4 -> D-1174 SAREE | D9: 18 | F9: =D9-E9 -> 18
A10: 46579 | B10: 1880 | C10: SAREE 10 | E10: 10 | F10: =IF(OR(D10<>"",E10<>""),F9+D10-E10,"") -> 8
A11: 46214 | B11: 1880 | C11: BLOUSE 18 | E11: 18 | F11: =IF(OR(D11<>"",E11<>""),F10+D11-E11,"") -> -10
A12: 46579 | B12: 1881 | C12: 1174 SAREE | E12: 8 | F12: =IF(OR(D12<>"",E12<>""),F11+D12-E12,"") -> -18
C13: BLOUSE SET ADJUSTMENT | D13: 18 | F13: =IF(OR(D13<>"",E13<>""),F12+D13-E13,"") -> 0
F14: =IF(OR(D14<>"",E14<>""),F13+D14-E14,"")
F15: =IF(OR(D15<>"",E15<>""),F14+D15-E15,"")
F16: =IF(OR(D16<>"",E16<>""),F15+D16-E16,"")
F17: =IF(OR(D17<>"",E17<>""),F16+D17-E17,"")
F18: =IF(OR(D18<>"",E18<>""),F17+D18-E18,"")
F19: =IF(OR(D19<>"",E19<>""),F18+D19-E19,"")
F20: =IF(OR(D20<>"",E20<>""),F19+D20-E20,"")
F21: =IF(OR(D21<>"",E21<>""),F20+D21-E21,"")
F22: =IF(OR(D22<>"",E22<>""),F21+D22-E22,"")
F23: =IF(OR(D23<>"",E23<>""),F22+D23-E23,"")
F24: =IF(OR(D24<>"",E24<>""),F23+D24-E24,"")
F25: =IF(OR(D25<>"",E25<>""),F24+D25-E25,"")
... F52: =IF(OR(D52<>"",E52<>""),F51+D52-E52,"")

Sheet 1501SAREE
A1: ⬅ BACK TO REPORT | H1: ⬅ BACK TO REPORT
A2: Vendor Name | C2: ART & DESIGN | D2: Invoice Amount | E2: 29603 | H2: Vendor Name | J2: ART & DESIGN | K2: Invoice Amount | L2: 2611
A3: Place | C3: NOIDA | D3: In | E3: =SUM(D9:D100) -> 22 | H3: Place | J3: NOIDA | K3: In | L3: =SUM(K9:K100) -> 17
A4: Style / Po No.: | C4: D-1501 TISSUE SAREE | D4: Out | E4: =SUM(E9:E100) -> 22 | H4: Style / Po No.: | J4: TISSUE BLOUSE | K4: Out | L4: =SUM(L9:L100) -> 17
A5: Invoice Date | C5: 46224 | D5: Bal Qty | E5: {=LOOKUP(9,1/(F:F<>""),F:F)} -> 0 | H5: Invoice Date | J5: 46224 | K5: Bal Qty | L5: {=LOOKUP(9,1/(M:M<>""),M:M)} -> 0
A6: Invoice Number | C6: 40 | D6: Unit | E6: PCS | H6: Invoice Number | J6: 40 | K6: Unit | L6: PCS
A8: Date | B8: Challan No. | C8: Size | D8: Inward Qty | E8: Outward Qty | F8: Balance | H8: Date | I8: Challan No. | J8: Size | K8: Inward Qty | L8: Outward Qty | M8: Balance
A9: 46211 | B9: JB-0512/26-27 | C9: =C4 -> D-1501 TISSUE SAREE | D9: 22 | F9: =D9-E9 -> 22 | H9: 46211 | I9: JB-0512/26-27 | J9: =J4 -> TISSUE BLOUSE | K9: 17 | M9: =K9-L9 -> 17
A10: 46224 | B10: 1884 | E10: 22 | F10: =IF(OR(D10<>"",E10<>""),F9+D10-E10,"") -> 0 | H10: 46224 | I10: 1884 | L10: 17 | M10: =IF(OR(K10<>"",L10<>""),M9+K10-L10,"") -> 0
F11: =IF(OR(D11<>"",E11<>""),F10+D11-E11,"") | M11: =IF(OR(K11<>"",L11<>""),M10+K11-L11,"")
F12: =IF(OR(D12<>"",E12<>""),F11+D12-E12,"") | M12: =IF(OR(K12<>"",L12<>""),M11+K12-L12,"")
F13: =IF(OR(D13<>"",E13<>""),F12+D13-E13,"") | M13: =IF(OR(K13<>"",L13<>""),M12+K13-L13,"")
F14: =IF(OR(D14<>"",E14<>""),F13+D14-E14,"") | M14: =IF(OR(K14<>"",L14<>""),M13+K14-L14,"")
F15: =IF(OR(D15<>"",E15<>""),F14+D15-E15,"") | M15: =IF(OR(K15<>"",L15<>""),M14+K15-L15,"")
F16: =IF(OR(D16<>"",E16<>""),F15+D16-E16,"") | M16: =IF(OR(K16<>"",L16<>""),M15+K16-L16,"")
F17: =IF(OR(D17<>"",E17<>""),F16+D17-E17,"") | M17: =IF(OR(K17<>"",L17<>""),M16+K17-L17,"")
F18: =IF(OR(D18<>"",E18<>""),F17+D18-E18,"") | M18: =IF(OR(K18<>"",L18<>""),M17+K18-L18,"")
F19: =IF(OR(D19<>"",E19<>""),F18+D19-E19,"") | M19: =IF(OR(K19<>"",L19<>""),M18+K19-L19,"")
F20: =IF(OR(D20<>"",E20<>""),F19+D20-E20,"") | M20: =IF(OR(K20<>"",L20<>""),M19+K20-L20,"")
F21: =IF(OR(D21<>"",E21<>""),F20+D21-E21,"") | M21: =IF(OR(K21<>"",L21<>""),M20+K21-L21,"")
F22: =IF(OR(D22<>"",E22<>""),F21+D22-E22,"") | M22: =IF(OR(K22<>"",L22<>""),M21+K22-L22,"")
... F52: =IF(OR(D52<>"",E52<>""),F51+D52-E52,"") | M52: =IF(OR(K52<>"",L52<>""),M51+K52-L52,"")

Sheet T191
A1: ⬅ BACK TO REPORT | H1: ⬅ BACK TO REPORT
A2: Vendor Name | C2: ART & DESIGN | D2: Invoice Amount | H2: Vendor Name | J2: ART & DESIGN | K2: Invoice Amount
A3: Place | C3: NOIDA | D3: In | E3: =SUM(D9:D100) -> 300 | H3: Place | J3: NOIDA | K3: In | L3: =SUM(K9:K100) -> 104
A4: Style / Po No.: | C4: T-191 MUL THAN | D4: Out | E4: =SUM(E9:E100) -> 300 | H4: Style / Po No.: | J4: T-191 MUL DUPATTA | K4: Out | L4: =SUM(L9:L100) -> 104
A5: Invoice Date | D5: Bal Qty | E5: {=LOOKUP(9,1/(F:F<>""),F:F)} -> 0 | H5: Invoice Date | K5: Bal Qty | L5: {=LOOKUP(9,1/(M:M<>""),M:M)} -> 0
A6: Invoice Number | D6: Unit | E6: MTRS | H6: Invoice Number | K6: Unit | L6: MTRS
A8: Date | B8: Challan No. | C8: Size | D8: Inward Qty | E8: Outward Qty | F8: Balance | H8: Date | I8: Challan No. | J8: Size | K8: Inward Qty | L8: Outward Qty | M8: Balance
A9: 46211 | B9: JB-0512/26-27 | C9: =C4 -> T-191 MUL THAN | D9: 240 | F9: =D9-E9 -> 240 | H9: 46211 | I9: JB-0512/26-27 | J9: =J4 -> T-191 MUL DUPATTA | K9: 104 | M9: =K9-L9 -> 104
A10: 46211 | B10: JB-0512/26-27 | C10: =C5 | D10: 60 | F10: =IF(OR(D10<>"",E10<>""),F9+D10-E10,"") -> 300 | H10: 46221 | I10: 1883 | L10: 104 | M10: =IF(OR(K10<>"",L10<>""),M9+K10-L10,"") -> 0
A11: 46221 | B11: 1883 | E11: 240.25 | F11: =IF(OR(D11<>"",E11<>""),F10+D11-E11,"") -> 59.75 | M11: =IF(OR(K11<>"",L11<>""),M10+K11-L11,"")
A12: 46224 | B12: 1884 | E12: 59.75 | F12: =IF(OR(D12<>"",E12<>""),F11+D12-E12,"") -> 0 | M12: =IF(OR(K12<>"",L12<>""),M11+K12-L12,"")
F13: =IF(OR(D13<>"",E13<>""),F12+D13-E13,"") | M13: =IF(OR(K13<>"",L13<>""),M12+K13-L13,"")
F14: =IF(OR(D14<>"",E14<>""),F13+D14-E14,"") | M14: =IF(OR(K14<>"",L14<>""),M13+K14-L14,"")
F15: =IF(OR(D15<>"",E15<>""),F14+D15-E15,"") | M15: =IF(OR(K15<>"",L15<>""),M14+K15-L15,"")
F16: =IF(OR(D16<>"",E16<>""),F15+D16-E16,"") | M16: =IF(OR(K16<>"",L16<>""),M15+K16-L16,"")
F17: =IF(OR(D17<>"",E17<>""),F16+D17-E17,"") | M17: =IF(OR(K17<>"",L17<>""),M16+K17-L17,"")
F18: =IF(OR(D18<>"",E18<>""),F17+D18-E18,"") | M18: =IF(OR(K18<>"",L18<>""),M17+K18-L18,"")
F19: =IF(OR(D19<>"",E19<>""),F18+D19-E19,"") | M19: =IF(OR(K19<>"",L19<>""),M18+K19-L19,"")
F20: =IF(OR(D20<>"",E20<>""),F19+D20-E20,"") | M20: =IF(OR(K20<>"",L20<>""),M19+K20-L20,"")
F21: =IF(OR(D21<>"",E21<>""),F20+D21-E21,"") | M21: =IF(OR(K21<>"",L21<>""),M20+K21-L21,"")
F22: =IF(OR(D22<>"",E22<>""),F21+D22-E22,"") | M22: =IF(OR(K22<>"",L22<>""),M21+K22-L22,"")
F23: =IF(OR(D23<>"",E23<>""),F22+D23-E23,"") | M23: =IF(OR(K23<>"",L23<>""),M22+K23-L23,"")
F24: =IF(OR(D24<>"",E24<>""),F23+D24-E24,"") | M24: =IF(OR(K24<>"",L24<>""),M23+K24-L24,"")
... F52: =IF(OR(D52<>"",E52<>""),F51+D52-E52,"") | M52: =IF(OR(K52<>"",L52<>""),M51+K52-L52,"")

Sheet A Ashoka
A1: ⬅ BACK TO REPORT | Z1: Mtrs | AA1: Pcs | AB1: Mtrs
A2: Aman Ashoka | C2: =C103 -> 676 | D2: =D103 -> 210 | E2: =E103 -> 846 | F2: =F103 -> 210 | G2: =G103 -> 555 | H2: =H103 -> 210 | I2: =I103 -> 210 | J2: =J103 -> 295 | ... AB2: =AB103 -> 136.5
A3: Ashoka | B3: Pcs | C3: Ashoka 60x61 | D3: Ashoka 60x62 | E3: Ashoka 20x28 | F3: Ashoka 60x60 | G3: Ashoka 20x21 | H3: Ashoka 20x24 | I3: Ashoka 20x29 | J3: Ashoka 20x27 | K3: Ashoka 20x23 | L3: Ashoka 60X656 | M3: Ashoka 24X24 | N3: LUMAR 14X37 | O3: LUMAR 14X33 | P3: Ashoka 20X32 | Q3: Ashoka LOOP2 | R3: Ashoka 24x25 | S3: Ashoka 20x34 | T3: Ashoka 20x322 | U3: LUMAR 02315 | V3: LUMAR 14X36 | W3: LUMAR 14X390 | X3: Ashoka 58x58 | Y3: Ashoka 20X25 | Z3: Sheet 21x60 | AA3: Lumar 14x42 | AB3: Sheet 60x21
A4: Date | B4: Challan No. | C4: 210 | D4: 210 | E4: 210 | F4: 210 | G4: 210 | H4: 210 | I4: 210 | J4: 510 | K4: 210 | L4: 510 | M4: 510
A5: 9 | C5: =C4-C2 -> -466 | D5: =D4-D2 -> 0 | E5: =E4-E2 -> -636 | F5: =F4-F2 -> 0 | G5: =G4-G2 -> -345 | H5: =H4-H2 -> 0 | I5: =I4-I2 -> 0 | J5: =J4-J2 -> 215 | ... AB5: =AB4-AB2 -> -136.5 | AD5: TOTAL
A6: 46087 | B6: 1703 | K6: 30 | AD6: =sum(C6:AB6) -> 30
A7: 46089 | B7: 1707 | G7: 30 | AD7: =sum(C7:AB7) -> 30
A8: 46090 | B8: 1709 | C8: 1 | D8: 1 | E8: 30 | F8: 1 | AD8: =sum(C8:AB8) -> 33
A9: 46091 | B9: 1710 | H9: 30 | AD9: =sum(C9:AB9) -> 30
A10: 46092 | B10: 1711 | E10: 167 | G10: 162 | H10: 118 | I10: 2 | K10: 163 | AD10: =sum(C10:AB10) -> 612
A11: 46094 | B11: 1714 | C11: 1 | AD11: =sum(C11:AB11) -> 1
A12: 46094 | B12: 1715 | E12: 13 | G12: 18 | H12: 62 | K12: 17 | AD12: =sum(C12:AB12) -> 110
A13: 46095 | B13: 1716 | I13: 208 | AD13: =sum(C13:AB13) -> 208
A14: 46098 | B14: 1719 | D14: 210 | F14: 2 | AD14: =sum(C14:AB14) -> 212
A15: EXTRA | D15: -1 | F15: -2 | AD15: =sum(C15:AB15) -> -3
A16: 46100 | B16: 1721 | F16: 209 | L16: 1 | AD16: =sum(C16:AB16) -> 210
A17: 46119 | B17: 7 | C17: 210 | M17: 210 | AD17: =sum(C17:AB17) -> 420
A18: 46120 | B18: 8 | M18: 150 | AD18: =sum(C18:AB18) -> 150
A19: 46125 | B19: 10 | J19: 100 | L19: 300 | M19: 150 | AD19: =sum(C19:AB19) -> 550
A20: 46131 | B20: 13 | G20: 345 | J20: 181 | M20: 30 | P20: 309 | Q20: 300 | AD20: =sum(C20:AB20) -> 1165
A21: 46134 | B21: 14 | R21: 100 | T21: 300 | AD21: =sum(C21:AB21) -> 400
A22: 46139 | B22: 15 | N22: 200 | O22: 200 | R22: 100 | AD22: =sum(C22:AB22) -> 500
A23: 46148 | B23: 20 | J23: 14 | N23: 67 | O23: 132 | AD23: =sum(C23:AB23) -> 213
A24: 46148 | B24: 21 | R24: 120 | AD24: =sum(C24:AB24) -> 120
A25: 46149 | B25: 22 | E25: 180 | AD25: =sum(C25:AB25) -> 180
A26: 46150 | B26: 23 | E26: 120 | AD26: =sum(C26:AB26) -> 120
A27: 46153 | B27: 25 | M27: 418 | U27: 150 | AD27: =sum(C27:AB27) -> 568
A28: 46158 | B28: 29 | U28: 253 | V28: 300 | W28: 58 | AD28: =sum(C28:AB28) -> 611
A29: 46161 | B29: DKPT-30 | V29: 105 | AD29: =sum(C29:AB29) -> 105
A30: 46164 | B30: 33 | W30: 28 | X30: 156 | AD30: =sum(C30:AB30) -> 184
A31: 46165 | B31: 36 | W31: 100 | AD31: =sum(C31:AB31) -> 100
A32: 46168 | B32: 39 | W32: 509 | AD32: =sum(C32:AB32) -> 509
A33: 46171 | B33: 40 | W33: 50 | Y33: 150 | AD33: =sum(C33:AB33) -> 200
A34: 46173 | B34: 42 | M34: 390 | W34: 150 | Y34: 150 | AD34: =sum(C34:AB34) -> 690
A35: 46174 | B35: 44 | W35: 250 | AD35: =sum(C35:AB35) -> 250
A36: 46177 | B36: 45 | W36: 750 | AD36: =sum(C36:AB36) -> 750
A37: 46178 | B37: 46 | M37: 106 | W37: 505 | AD37: =sum(C37:AB37) -> 611
A38: 46181 | B38: 47 | E38: 250 | L38: 250 | P38: 317 | S38: 308 | W38: 100 | AD38: =sum(C38:AB38) -> 1225
A39: 46184 | B39: 48 | E39: 86 | L39: 67 | AD39: =sum(C39:AB39) -> 153
A40: 46185 | B40: 49 | V40: 195 | AD40: =sum(C40:AB40) -> 195
A41: 46189 | B41: 56 | V41: 208 | AD41: =sum(C41:AB41) -> 208
A42: 46190 | B42: 58 | C42: 464 | AD42: =sum(C42:AB42) -> 464
A43: 46192 | B43: 1872 | Z43: 137.5 | AA43: 100 | AD43: =sum(C43:AB43) -> 237.5
A44: 46195 | B44: 60 | Z44: 58 | AA44: 300 | AD44: =sum(C44:AB44) -> 358
A45: 46199 | B45: 63 | AB45: 136.5 | AD45: =sum(C45:AB45) -> 136.5
AD46: =sum(C46:AB46) -> 0
AD47: =sum(C47:AB47) -> 0
AD48: =sum(C48:AB48) -> 0
AD49: =sum(C49:AB49) -> 0
AD50: =sum(C50:AB50) -> 0
AD51: =sum(C51:AB51) -> 0
AD52: =sum(C52:AB52) -> 0
AD53: =sum(C53:AB53) -> 0
AD54: =sum(C54:AB54) -> 0
AD55: =sum(C55:AB55) -> 0
AD56: =sum(C56:AB56) -> 0
AD57: =sum(C57:AB57) -> 0
... AD101: =sum(C101:AB101) -> 0
AD102: =sum(C102:X102) -> 0
B103: TOTAL | C103: =SUM(C6:C102) -> 676 | D103: =SUM(D6:D102) -> 210 | E103: =SUM(E6:E102) -> 846 | F103: =SUM(F6:F102) -> 210 | G103: =SUM(G6:G102) -> 555 | H103: =SUM(H6:H102) -> 210 | I103: =SUM(I6:I102) -> 210 | J103: =SUM(J6:J102) -> 295 | ... AB103: =SUM(AB6:AB102) -> 136.5 | AD103: =SUM(AD6:AD102) -> 12846
B104: Balance

Sheet 1A1415
A1: ⬅ BACK TO REPORT | K1: =SUMIF(J9:J52,J1,K9:K52) -> 0
A2: Vendor Name | C2: ART & DESIGN | D2: Invoice Amount
A3: Place | C3: NOIDA | D3: In | E3: =SUM(D9:D100) -> 8
A4: Style / Po No.: | C4: 1D-1415 MUL SUIT | D4: Out | E4: =SUM(E9:E100) -> 8
A5: Invoice Date | D5: Bal Qty | E5: {=LOOKUP(9,1/(F:F<>""),F:F)} -> 0
A6: Invoice Number | D6: Unit | E6: PCS
H7: WORK ORDER NO. | K7: =SUM(K9:K102) -> 0
A8: Date | B8: Challan No. | C8: Size | D8: Inward Qty | E8: Outward Qty | F8: Balance | H8: Date | I8: Challan No. | J8: Item | K8: Qty | L8: Unit | M8: For
A9: 46198 | B9: JB-0429/26-27 | C9: =C4 -> 1D-1415 MUL SUIT | D9: 8 | F9: =D9-E9 -> 8
A10: 46212 | B10: 1879 | E10: 8 | F10: =IF(OR(D10<>"",E10<>""),F9+D10-E10,"") -> 0
F11: =IF(OR(D11<>"",E11<>""),F10+D11-E11,"")
F12: =IF(OR(D12<>"",E12<>""),F11+D12-E12,"")
F13: =IF(OR(D13<>"",E13<>""),F12+D13-E13,"")
F14: =IF(OR(D14<>"",E14<>""),F13+D14-E14,"")
F15: =IF(OR(D15<>"",E15<>""),F14+D15-E15,"")
F16: =IF(OR(D16<>"",E16<>""),F15+D16-E16,"")
F17: =IF(OR(D17<>"",E17<>""),F16+D17-E17,"")
F18: =IF(OR(D18<>"",E18<>""),F17+D18-E18,"")
F19: =IF(OR(D19<>"",E19<>""),F18+D19-E19,"")
F20: =IF(OR(D20<>"",E20<>""),F19+D20-E20,"")
F21: =IF(OR(D21<>"",E21<>""),F20+D21-E21,"")
F22: =IF(OR(D22<>"",E22<>""),F21+D22-E22,"")
... F52: =IF(OR(D52<>"",E52<>""),F51+D52-E52,"")

Sheet 1AD1549
A1: ⬅ BACK TO REPORT | K1: =SUMIF(J9:J52,J1,K9:K52) -> 0
A2: Vendor Name | C2: ART & DESIGN | D2: Invoice Amount
A3: Place | C3: NOIDA | D3: In | E3: =SUM(D9:D100) -> 25
A4: Style / Po No.: | C4: 1D-1549 M MUL SUIT | D4: Out | E4: =SUM(E9:E100) -> 25
A5: Invoice Date | D5: Bal Qty | E5: {=LOOKUP(9,1/(F:F<>""),F:F)} -> 0
A6: Invoice Number | D6: Unit | E6: PCS
H7: WORK ORDER NO. | K7: =SUM(K9:K102) -> 0
A8: Date | B8: Challan No. | C8: Size | D8: Inward Qty | E8: Outward Qty | F8: Balance | H8: Date | I8: Challan No. | J8: Item | K8: Qty | L8: Unit | M8: For
A9: 46198 | B9: JB-0429/26-27 | C9: =C4 -> 1D-1549 M MUL SUIT | D9: 25 | F9: =D9-E9 -> 25
A10: 46216 | B10: 1881 | E10: 25 | F10: =IF(OR(D10<>"",E10<>""),F9+D10-E10,"") -> 0
F11: =IF(OR(D11<>"",E11<>""),F10+D11-E11,"")
F12: =IF(OR(D12<>"",E12<>""),F11+D12-E12,"")
F13: =IF(OR(D13<>"",E13<>""),F12+D13-E13,"")
F14: =IF(OR(D14<>"",E14<>""),F13+D14-E14,"")
F15: =IF(OR(D15<>"",E15<>""),F14+D15-E15,"")
F16: =IF(OR(D16<>"",E16<>""),F15+D16-E16,"")
F17: =IF(OR(D17<>"",E17<>""),F16+D17-E17,"")
F18: =IF(OR(D18<>"",E18<>""),F17+D18-E18,"")
F19: =IF(OR(D19<>"",E19<>""),F18+D19-E19,"")
F20: =IF(OR(D20<>"",E20<>""),F19+D20-E20,"")
F21: =IF(OR(D21<>"",E21<>""),F20+D21-E21,"")
F22: =IF(OR(D22<>"",E22<>""),F21+D22-E22,"")
... F52: =IF(OR(D52<>"",E52<>""),F51+D52-E52,"")

Sheet 1AD1416
A1: ⬅ BACK TO REPORT | K1: =SUMIF(J9:J52,J1,K9:K52) -> 0
A2: Vendor Name | C2: ART & DESIGN | D2: Invoice Amount
A3: Place | C3: NOIDA | D3: In | E3: =SUM(D9:D100) -> 25
A4: Style / Po No.: | C4: 1D-1416 M MUL SUIT | D4: Out | E4: =SUM(E9:E100) -> 25
A5: Invoice Date | D5: Bal Qty | E5: {=LOOKUP(9,1/(F:F<>""),F:F)} -> 0
A6: Invoice Number | D6: Unit | E6: PCS
H7: WORK ORDER NO. | K7: =SUM(K9:K102) -> 0
A8: Date | B8: Challan No. | C8: Size | D8: Inward Qty | E8: Outward Qty | F8: Balance | H8: Date | I8: Challan No. | J8: Item | K8: Qty | L8: Unit | M8: For
A9: 46198 | B9: JB-0429/26-27 | C9: =C4 -> 1D-1416 M MUL SUIT | D9: 25 | F9: =D9-E9 -> 25
A10: 46212 | B10: 1879 | E10: 25 | F10: =IF(OR(D10<>"",E10<>""),F9+D10-E10,"") -> 0
F11: =IF(OR(D11<>"",E11<>""),F10+D11-E11,"")
F12: =IF(OR(D12<>"",E12<>""),F11+D12-E12,"")
F13: =IF(OR(D13<>"",E13<>""),F12+D13-E13,"")
F14: =IF(OR(D14<>"",E14<>""),F13+D14-E14,"")
F15: =IF(OR(D15<>"",E15<>""),F14+D15-E15,"")
F16: =IF(OR(D16<>"",E16<>""),F15+D16-E16,"")
F17: =IF(OR(D17<>"",E17<>""),F16+D17-E17,"")
F18: =IF(OR(D18<>"",E18<>""),F17+D18-E18,"")
F19: =IF(OR(D19<>"",E19<>""),F18+D19-E19,"")
F20: =IF(OR(D20<>"",E20<>""),F19+D20-E20,"")
F21: =IF(OR(D21<>"",E21<>""),F20+D21-E21,"")
F22: =IF(OR(D22<>"",E22<>""),F21+D22-E22,"")
... F52: =IF(OR(D52<>"",E52<>""),F51+D52-E52,"")

Sheet ART1438
A1: ⬅ BACK TO REPORT | K1: =SUMIF(J9:J52,J1,K9:K52) -> 0
A2: Vendor Name | C2: ART & DESIGN | D2: Invoice Amount
A3: Place | C3: NOIDA | D3: In | E3: =SUM(D9:D100) -> 38
A4: Style / Po No.: | C4: D-1438 M STOCK MUL SUIT | D4: Out | E4: =SUM(E9:E100) -> 38
A5: Invoice Date | D5: Bal Qty | E5: {=LOOKUP(9,1/(F:F<>""),F:F)} -> 0
A6: Invoice Number | D6: Unit | E6: PCS
H7: WORK ORDER NO. | K7: =SUM(K9:K102) -> 0
A8: Date | B8: Challan No. | C8: Size | D8: Inward Qty | E8: Outward Qty | F8: Balance | H8: Date | I8: Challan No. | J8: Item | K8: Qty | L8: Unit | M8: For
A9: 46195 | B9: JB-0410/26-27 | C9: =C4 -> D-1438 M STOCK MUL SUIT | D9: 38 | F9: =D9-E9 -> 38
A10: 46206 | B10: 1878 | E10: 38 | F10: =IF(OR(D10<>"",E10<>""),F9+D10-E10,"") -> 0
F11: =IF(OR(D11<>"",E11<>""),F10+D11-E11,"")
F12: =IF(OR(D12<>"",E12<>""),F11+D12-E12,"")
F13: =IF(OR(D13<>"",E13<>""),F12+D13-E13,"")
F14: =IF(OR(D14<>"",E14<>""),F13+D14-E14,"")
F15: =IF(OR(D15<>"",E15<>""),F14+D15-E15,"")
F16: =IF(OR(D16<>"",E16<>""),F15+D16-E16,"")
F17: =IF(OR(D17<>"",E17<>""),F16+D17-E17,"")
F18: =IF(OR(D18<>"",E18<>""),F17+D18-E18,"")
F19: =IF(OR(D19<>"",E19<>""),F18+D19-E19,"")
F20: =IF(OR(D20<>"",E20<>""),F19+D20-E20,"")
F21: =IF(OR(D21<>"",E21<>""),F20+D21-E21,"")
F22: =IF(OR(D22<>"",E22<>""),F21+D22-E22,"")
... F52: =IF(OR(D52<>"",E52<>""),F51+D52-E52,"")

Sheet ART1363
A1: ⬅ BACK TO REPORT | K1: =SUMIF(J9:J52,J1,K9:K52) -> 0
A2: Vendor Name | C2: ART & DESIGN | D2: Invoice Amount | E2: 30932
A3: Place | C3: NOIDA | D3: In | E3: =SUM(D9:D100) -> 19
A4: Style / Po No.: | C4: D-1363 TISSUE SAREE | D4: Out | E4: =SUM(E9:E100) -> 19
A5: Invoice Date | C5: 46224 | D5: Bal Qty | E5: {=LOOKUP(9,1/(F:F<>""),F:F)} -> 0
A6: Invoice Number | C6: 40 | D6: Unit | E6: PCS
H7: WORK ORDER NO. | K7: =SUM(K9:K102) -> 0
A8: Date | B8: Challan No. | C8: Size | D8: Inward Qty | E8: Outward Qty | F8: Balance | H8: Date | I8: Challan No. | J8: Item | K8: Qty | L8: Unit | M8: For
A9: 46195 | B9: JB-0410/26-27 | C9: =C4 -> D-1363 TISSUE SAREE | D9: 19 | F9: =D9-E9 -> 19
A10: 46200 | B10: 1876 | C10: SAREE PLAIN | E10: 0 | F10: =IF(OR(D10<>"",E10<>""),F9+D10-E10,"") -> 19
A11: 46206 | B11: 1878 | E11: 19 | F11: =IF(OR(D11<>"",E11<>""),F10+D11-E11,"") -> 0
F12: =IF(OR(D12<>"",E12<>""),F11+D12-E12,"")
F13: =IF(OR(D13<>"",E13<>""),F12+D13-E13,"")
F14: =IF(OR(D14<>"",E14<>""),F13+D14-E14,"")
F15: =IF(OR(D15<>"",E15<>""),F14+D15-E15,"")
F16: =IF(OR(D16<>"",E16<>""),F15+D16-E16,"")
F17: =IF(OR(D17<>"",E17<>""),F16+D17-E17,"")
F18: =IF(OR(D18<>"",E18<>""),F17+D18-E18,"")
F19: =IF(OR(D19<>"",E19<>""),F18+D19-E19,"")
F20: =IF(OR(D20<>"",E20<>""),F19+D20-E20,"")
F21: =IF(OR(D21<>"",E21<>""),F20+D21-E21,"")
F22: =IF(OR(D22<>"",E22<>""),F21+D22-E22,"")
F23: =IF(OR(D23<>"",E23<>""),F22+D23-E23,"")
... F52: =IF(OR(D52<>"",E52<>""),F51+D52-E52,"")

Sheet Cra Tree
A1: ⬅ BACK TO REPORT | K1: =SUMIF(J9:J52,J1,K9:K52) -> 0
A2: Vendor Name | C2: CRA CREATIVE PVT LTD | D2: Invoice Amount
A3: Place | C3: PANIPAT | D3: In | E3: =SUM(D9:D100) -> 0
A4: Style / Po No.: | C4: TREE | D4: Out | E4: =SUM(E9:E100) -> 20
A5: Invoice Date | D5: Bal Qty | E5: {=LOOKUP(9,1/(F:F<>""),F:F)} -> -20
A6: Invoice Number | D6: Unit | E6: PCS
H7: WORK ORDER NO. | K7: =SUM(K9:K102) -> 0
A8: Date | B8: Challan No. | C8: Size | D8: Inward Qty | E8: Outward Qty | F8: Balance | H8: Date | I8: Challan No. | J8: Item | K8: Qty | L8: Unit | M8: For
A9: 46190 | B9: 59 | C9: =C4 -> TREE | E9: 5 | F9: =D9-E9 -> -5 | H9: 1 O/S
A10: 46203 | B10: 68 | E10: 15 | F10: =IF(OR(D10<>"",E10<>""),F9+D10-E10,"") -> -20 | H10: 1 O/S
F11: =IF(OR(D11<>"",E11<>""),F10+D11-E11,"")
F12: =IF(OR(D12<>"",E12<>""),F11+D12-E12,"")
F13: =IF(OR(D13<>"",E13<>""),F12+D13-E13,"")
F14: =IF(OR(D14<>"",E14<>""),F13+D14-E14,"")
F15: =IF(OR(D15<>"",E15<>""),F14+D15-E15,"")
F16: =IF(OR(D16<>"",E16<>""),F15+D16-E16,"")
F17: =IF(OR(D17<>"",E17<>""),F16+D17-E17,"")
F18: =IF(OR(D18<>"",E18<>""),F17+D18-E18,"")
F19: =IF(OR(D19<>"",E19<>""),F18+D19-E19,"")
F20: =IF(OR(D20<>"",E20<>""),F19+D20-E20,"")
F21: =IF(OR(D21<>"",E21<>""),F20+D21-E21,"")
F22: =IF(OR(D22<>"",E22<>""),F21+D22-E22,"")
... F52: =IF(OR(D52<>"",E52<>""),F51+D52-E52,"")

Sheet Cra Noel
A1: ⬅ BACK TO REPORT | K1: =SUMIF(J9:J52,J1,K9:K52) -> 0
A2: Vendor Name | C2: CRA CREATIVE PVT LTD | D2: Invoice Amount
A3: Place | C3: PANIPAT | D3: In | E3: =SUM(D9:D100) -> 0
A4: Style / Po No.: | C4: NOEL ROD | D4: Out | E4: =SUM(E9:E100) -> 745
A5: Invoice Date | D5: Bal Qty | E5: {=LOOKUP(9,1/(F:F<>""),F:F)} -> -745
A6: Invoice Number | D6: Unit | E6: PCS
H7: WORK ORDER NO. | K7: =SUM(K9:K102) -> 0
A8: Date | B8: Challan No. | C8: Size | D8: Inward Qty | E8: Outward Qty | F8: Balance | H8: Date | I8: Challan No. | J8: Item | K8: Qty | L8: Unit | M8: For
A9: 46196 | B9: 61 | C9: =C4 -> NOEL ROD | E9: 250 | F9: =D9-E9 -> -250 | H9: 1 O/S
A10: 46197 | B10: 62 | E10: 170 | F10: =IF(OR(D10<>"",E10<>""),F9+D10-E10,"") -> -420
A11: 46199 | B11: 64 | E11: 325 | F11: =IF(OR(D11<>"",E11<>""),F10+D11-E11,"") -> -745
F12: =IF(OR(D12<>"",E12<>""),F11+D12-E12,"")
F13: =IF(OR(D13<>"",E13<>""),F12+D13-E13,"")
F14: =IF(OR(D14<>"",E14<>""),F13+D14-E14,"")
F15: =IF(OR(D15<>"",E15<>""),F14+D15-E15,"")
F16: =IF(OR(D16<>"",E16<>""),F15+D16-E16,"")
F17: =IF(OR(D17<>"",E17<>""),F16+D17-E17,"")
F18: =IF(OR(D18<>"",E18<>""),F17+D18-E18,"")
F19: =IF(OR(D19<>"",E19<>""),F18+D19-E19,"")
F20: =IF(OR(D20<>"",E20<>""),F19+D20-E20,"")
F21: =IF(OR(D21<>"",E21<>""),F20+D21-E21,"")
F22: =IF(OR(D22<>"",E22<>""),F21+D22-E22,"")
F23: =IF(OR(D23<>"",E23<>""),F22+D23-E23,"")
... F52: =IF(OR(D52<>"",E52<>""),F51+D52-E52,"")

Sheet Cra Hally
A1: ⬅ BACK TO REPORT | K1: =SUMIF(J9:J52,J1,K9:K52) -> 0
A2: Vendor Name | C2: CRA CREATIVE PVT LTD | D2: Invoice Amount
A3: Place | C3: PANIPAT | D3: In | E3: =SUM(D9:D100) -> 0
A4: Style / Po No.: | C4: HALLY LEAF | D4: Out | E4: =SUM(E9:E100) -> 5
A5: Invoice Date | D5: Bal Qty | E5: {=LOOKUP(9,1/(F:F<>""),F:F)} -> -5
A6: Invoice Number | D6: Unit | E6: PCS
H7: WORK ORDER NO. | K7: =SUM(K9:K102) -> 0
A8: Date | B8: Challan No. | C8: Size | D8: Inward Qty | E8: Outward Qty | F8: Balance | H8: Date | I8: Challan No. | J8: Item | K8: Qty | L8: Unit | M8: For
A9: 46190 | B9: 59 | C9: =C4 -> HALLY LEAF | E9: 5 | F9: =D9-E9 -> -5 | H9: 1 O/S
F10: =IF(OR(D10<>"",E10<>""),F9+D10-E10,"")
F11: =IF(OR(D11<>"",E11<>""),F10+D11-E11,"")
F12: =IF(OR(D12<>"",E12<>""),F11+D12-E12,"")
F13: =IF(OR(D13<>"",E13<>""),F12+D13-E13,"")
F14: =IF(OR(D14<>"",E14<>""),F13+D14-E14,"")
F15: =IF(OR(D15<>"",E15<>""),F14+D15-E15,"")
F16: =IF(OR(D16<>"",E16<>""),F15+D16-E16,"")
F17: =IF(OR(D17<>"",E17<>""),F16+D17-E17,"")
F18: =IF(OR(D18<>"",E18<>""),F17+D18-E18,"")
F19: =IF(OR(D19<>"",E19<>""),F18+D19-E19,"")
F20: =IF(OR(D20<>"",E20<>""),F19+D20-E20,"")
F21: =IF(OR(D21<>"",E21<>""),F20+D21-E21,"")
... F52: =IF(OR(D52<>"",E52<>""),F51+D52-E52,"")

Sheet Cra Candy
A1: ⬅ BACK TO REPORT | K1: =SUMIF(J9:J52,J1,K9:K52) -> 0
A2: Vendor Name | C2: CRA CREATIVE PVT LTD | D2: Invoice Amount
A3: Place | C3: PANIPAT | D3: In | E3: =SUM(D9:D100) -> 0
A4: Style / Po No.: | C4: CANDY | D4: Out | E4: =SUM(E9:E100) -> 40
A5: Invoice Date | D5: Bal Qty | E5: {=LOOKUP(9,1/(F:F<>""),F:F)} -> -40
A6: Invoice Number | D6: Unit | E6: PCS
H7: WORK ORDER NO. | K7: =SUM(K9:K102) -> 0
A8: Date | B8: Challan No. | C8: Size | D8: Inward Qty | E8: Outward Qty | F8: Balance | H8: Date | I8: Challan No. | J8: Item | K8: Qty | L8: Unit | M8: For
A9: 46190 | B9: 59 | C9: =C4 -> CANDY | E9: 5 | F9: =D9-E9 -> -5 | H9: 1 O/S
A10: 46196 | B10: 61 | C10: candy 9 | E10: 5 | F10: =IF(OR(D10<>"",E10<>""),F9+D10-E10,"") -> -10
A11: 46202 | B11: 66 | E11: 30 | F11: =IF(OR(D11<>"",E11<>""),F10+D11-E11,"") -> -40 | H11: 1 o/s
F12: =IF(OR(D12<>"",E12<>""),F11+D12-E12,"")
F13: =IF(OR(D13<>"",E13<>""),F12+D13-E13,"")
F14: =IF(OR(D14<>"",E14<>""),F13+D14-E14,"")
F15: =IF(OR(D15<>"",E15<>""),F14+D15-E15,"")
F16: =IF(OR(D16<>"",E16<>""),F15+D16-E16,"")
F17: =IF(OR(D17<>"",E17<>""),F16+D17-E17,"")
F18: =IF(OR(D18<>"",E18<>""),F17+D18-E18,"")
F19: =IF(OR(D19<>"",E19<>""),F18+D19-E19,"")
F20: =IF(OR(D20<>"",E20<>""),F19+D20-E20,"")
F21: =IF(OR(D21<>"",E21<>""),F20+D21-E21,"")
F22: =IF(OR(D22<>"",E22<>""),F21+D22-E22,"")
F23: =IF(OR(D23<>"",E23<>""),F22+D23-E23,"")
... F52: =IF(OR(D52<>"",E52<>""),F51+D52-E52,"")

Sheet ABEDFLOWER
A1: ⬅ BACK TO REPORT | H1: ⬅ BACK TO REPORT
A2: Vendor Name | C2: AMAN EMBROIDERY | D2: Invoice Amount | H2: Vendor Name | J2: AMAN EMBROIDERY | K2: Invoice Amount
A3: Place | C3: PANIPAT | D3: In | E3: =SUM(D9:D100) -> 0 | H3: Place | J3: PANIPAT | K3: In | L3: =SUM(K9:K100) -> 0
A4: Style / Po No.: | C4: BED SHEET FLOWER | D4: Out | E4: =SUM(E9:E100) -> 100 | H4: Style / Po No.: | J4: BED SHEET LEAF | K4: Out | L4: =SUM(L9:L100) -> 166
A5: Invoice Date | D5: Bal Qty | E5: {=LOOKUP(9,1/(F:F<>""),F:F)} -> -100 | H5: Invoice Date | K5: Bal Qty | L5: {=LOOKUP(9,1/(M:M<>""),M:M)} -> -166
A6: Invoice Number | D6: Unit | E6: PCS | H6: Invoice Number | K6: Unit | L6: PCS
A8: Date | B8: Challan No. | C8: Size | D8: Inward Qty | E8: Outward Qty | F8: Balance | H8: Date | I8: Challan No. | J8: Size | K8: Inward Qty | L8: Outward Qty | M8: Balance
A9: 46186 | B9: 52 | C9: =C4 -> BED SHEET FLOWER | E9: 60 | F9: =D9-E9 -> -60 | H9: 46190 | I9: 58 | L9: 55 | M9: =K9-L9 -> -55
A10: 46189 | B10: 56 | E10: 40 | F10: =IF(OR(D10<>"",E10<>""),F9+D10-E10,"") -> -100 | H10: 46195 | I10: 60 | L10: 111 | M10: =IF(OR(K10<>"",L10<>""),M9+K10-L10,"") -> -166
F11: =IF(OR(D11<>"",E11<>""),F10+D11-E11,"") | M11: =IF(OR(K11<>"",L11<>""),M10+K11-L11,"")
F12: =IF(OR(D12<>"",E12<>""),F11+D12-E12,"") | M12: =IF(OR(K12<>"",L12<>""),M11+K12-L12,"")
F13: =IF(OR(D13<>"",E13<>""),F12+D13-E13,"") | M13: =IF(OR(K13<>"",L13<>""),M12+K13-L13,"")
F14: =IF(OR(D14<>"",E14<>""),F13+D14-E14,"") | M14: =IF(OR(K14<>"",L14<>""),M13+K14-L14,"")
F15: =IF(OR(D15<>"",E15<>""),F14+D15-E15,"") | M15: =IF(OR(K15<>"",L15<>""),M14+K15-L15,"")
F16: =IF(OR(D16<>"",E16<>""),F15+D16-E16,"") | M16: =IF(OR(K16<>"",L16<>""),M15+K16-L16,"")
F17: =IF(OR(D17<>"",E17<>""),F16+D17-E17,"") | M17: =IF(OR(K17<>"",L17<>""),M16+K17-L17,"")
F18: =IF(OR(D18<>"",E18<>""),F17+D18-E18,"") | M18: =IF(OR(K18<>"",L18<>""),M17+K18-L18,"")
F19: =IF(OR(D19<>"",E19<>""),F18+D19-E19,"") | M19: =IF(OR(K19<>"",L19<>""),M18+K19-L19,"")
F20: =IF(OR(D20<>"",E20<>""),F19+D20-E20,"") | M20: =IF(OR(K20<>"",L20<>""),M19+K20-L20,"")
F21: =IF(OR(D21<>"",E21<>""),F20+D21-E21,"") | M21: =IF(OR(K21<>"",L21<>""),M20+K21-L21,"")
F22: =IF(OR(D22<>"",E22<>""),F21+D22-E22,"") | M22: =IF(OR(K22<>"",L22<>""),M21+K22-L22,"")
... F52: =IF(OR(D52<>"",E52<>""),F51+D52-E52,"") | M52: =IF(OR(K52<>"",L52<>""),M51+K52-L52,"")

Sheet AD1498
A1: ⬅ BACK TO REPORT | K1: =SUMIF(J9:J52,J1,K9:K52) -> 0
A2: Vendor Name | C2: ART & DESIGN | D2: Invoice Amount
A3: Place | C3: NOIDA | D3: In | E3: =SUM(D9:D100) -> 53
A4: Style / Po No.: | C4: D-1498 M MUL SUIT | D4: Out | E4: =SUM(E9:E100) -> 53
A5: Invoice Date | D5: Bal Qty | E5: {=LOOKUP(9,1/(F:F<>""),F:F)} -> 0
A6: Invoice Number | D6: Unit | E6: PCS
H7: WORK ORDER NO. | K7: =SUM(K9:K102) -> 0
A8: Date | B8: Challan No. | C8: Size | D8: Inward Qty | E8: Outward Qty | F8: Balance | H8: Date | I8: Challan No. | J8: Item | K8: Qty | L8: Unit | M8: For
A9: 46185 | B9: JB-0355/26-27 | C9: =C4 -> D-1498 M MUL SUIT | D9: 53 | F9: =D9-E9 -> 53
A10: 46203 | B10: 1877 | E10: 53 | F10: =IF(OR(D10<>"",E10<>""),F9+D10-E10,"") -> 0
F11: =IF(OR(D11<>"",E11<>""),F10+D11-E11,"")
F12: =IF(OR(D12<>"",E12<>""),F11+D12-E12,"")
F13: =IF(OR(D13<>"",E13<>""),F12+D13-E13,"")
F14: =IF(OR(D14<>"",E14<>""),F13+D14-E14,"")
F15: =IF(OR(D15<>"",E15<>""),F14+D15-E15,"")
F16: =IF(OR(D16<>"",E16<>""),F15+D16-E16,"")
F17: =IF(OR(D17<>"",E17<>""),F16+D17-E17,"")
F18: =IF(OR(D18<>"",E18<>""),F17+D18-E18,"")
F19: =IF(OR(D19<>"",E19<>""),F18+D19-E19,"")
F20: =IF(OR(D20<>"",E20<>""),F19+D20-E20,"")
F21: =IF(OR(D21<>"",E21<>""),F20+D21-E21,"")
F22: =IF(OR(D22<>"",E22<>""),F21+D22-E22,"")
... F52: =IF(OR(D52<>"",E52<>""),F51+D52-E52,"")

Sheet AD1416
A1: ⬅ BACK TO REPORT | K1: =SUMIF(J9:J52,J1,K9:K52) -> 0
A2: Vendor Name | C2: ART & DESIGN | D2: Invoice Amount | E2: 21216
A3: Place | C3: NOIDA | D3: In | E3: =SUM(D9:D100) -> 43
A4: Style / Po No.: | C4: D-1416 M MUL SUIT | D4: Out | E4: =SUM(E9:E100) -> 43
A5: Invoice Date | C5: 46197 | D5: Bal Qty | E5: {=LOOKUP(9,1/(F:F<>""),F:F)} -> 0
A6: Invoice Number | C6: MC/26-27/35 | D6: Unit | E6: PCS
H7: WORK ORDER NO. | K7: =SUM(K9:K102) -> 0
A8: Date | B8: Challan No. | C8: Size | D8: Inward Qty | E8: Outward Qty | F8: Balance | H8: Date | I8: Challan No. | J8: Item | K8: Qty | L8: Unit | M8: For
A9: 46179 | B9: JB-0325/26-27 | C9: =C4 -> D-1416 M MUL SUIT | D9: 20 | F9: =D9-E9 -> 20
A10: 46179 | B10: JB-0325/26-27 | D10: 23 | F10: =IF(OR(D10<>"",E10<>""),F9+D10-E10,"") -> 43
A11: 46192 | B11: 1871 | C11: 1871 | E11: 43 | F11: =IF(OR(D11<>"",E11<>""),F10+D11-E11,"") -> 0
F12: =IF(OR(D12<>"",E12<>""),F11+D12-E12,"")
F13: =IF(OR(D13<>"",E13<>""),F12+D13-E13,"")
F14: =IF(OR(D14<>"",E14<>""),F13+D14-E14,"")
F15: =IF(OR(D15<>"",E15<>""),F14+D15-E15,"")
F16: =IF(OR(D16<>"",E16<>""),F15+D16-E16,"")
F17: =IF(OR(D17<>"",E17<>""),F16+D17-E17,"")
F18: =IF(OR(D18<>"",E18<>""),F17+D18-E18,"")
F19: =IF(OR(D19<>"",E19<>""),F18+D19-E19,"")
F20: =IF(OR(D20<>"",E20<>""),F19+D20-E20,"")
F21: =IF(OR(D21<>"",E21<>""),F20+D21-E21,"")
F22: =IF(OR(D22<>"",E22<>""),F21+D22-E22,"")
F23: =IF(OR(D23<>"",E23<>""),F22+D23-E23,"")
... F52: =IF(OR(D52<>"",E52<>""),F51+D52-E52,"")

Sheet AD1549
A1: ⬅ BACK TO REPORT | K1: =SUMIF(J9:J52,J1,K9:K52) -> 0
A2: Vendor Name | C2: ART & DESIGN | D2: Invoice Amount | E2: 19336
A3: Place | C3: NOIDA | D3: In | E3: =SUM(D9:D100) -> 43
A4: Style / Po No.: | C4: D-1549 M MUL SUIT | D4: Out | E4: =SUM(E9:E100) -> 43
A5: Invoice Date | C5: 46197 | D5: Bal Qty | E5: {=LOOKUP(9,1/(F:F<>""),F:F)} -> 0
A6: Invoice Number | C6: MC/26-27/35 | D6: Unit | E6: PCS
H7: WORK ORDER NO. | K7: =SUM(K9:K102) -> 0
A8: Date | B8: Challan No. | C8: Size | D8: Inward Qty | E8: Outward Qty | F8: Balance | H8: Date | I8: Challan No. | J8: Item | K8: Qty | L8: Unit | M8: For
A9: 46179 | B9: JB-0325/26-27 | C9: =C4 -> D-1549 M MUL SUIT | D9: 20 | F9: =D9-E9 -> 20
A10: 46179 | B10: JB-0325/26-27 | D10: 23 | F10: =IF(OR(D10<>"",E10<>""),F9+D10-E10,"") -> 43
A11: 46193 | B11: 1873 | E11: 19 | F11: =IF(OR(D11<>"",E11<>""),F10+D11-E11,"") -> 24
A12: 46195 | B12: 1874 | E12: 23 | F12: =IF(OR(D12<>"",E12<>""),F11+D12-E12,"") -> 1
C13: adjustment | E13: 1 | F13: =IF(OR(D13<>"",E13<>""),F12+D13-E13,"") -> 0
F14: =IF(OR(D14<>"",E14<>""),F13+D14-E14,"")
F15: =IF(OR(D15<>"",E15<>""),F14+D15-E15,"")
F16: =IF(OR(D16<>"",E16<>""),F15+D16-E16,"")
F17: =IF(OR(D17<>"",E17<>""),F16+D17-E17,"")
F18: =IF(OR(D18<>"",E18<>""),F17+D18-E18,"")
F19: =IF(OR(D19<>"",E19<>""),F18+D19-E19,"")
F20: =IF(OR(D20<>"",E20<>""),F19+D20-E20,"")
F21: =IF(OR(D21<>"",E21<>""),F20+D21-E21,"")
F22: =IF(OR(D22<>"",E22<>""),F21+D22-E22,"")
F23: =IF(OR(D23<>"",E23<>""),F22+D23-E23,"")
F24: =IF(OR(D24<>"",E24<>""),F23+D24-E24,"")
F25: =IF(OR(D25<>"",E25<>""),F24+D25-E25,"")
... F52: =IF(OR(D52<>"",E52<>""),F51+D52-E52,"")

Sheet AT221
A1: ⬅ BACK TO REPORT | K1: =SUMIF(J9:J52,J1,K9:K52) -> 0
A2: Vendor Name | C2: ART & DESIGN | D2: Invoice Amount | E2: 21716
A3: Place | C3: NOIDA | D3: In | E3: =SUM(D9:D100) -> 90
A4: Style / Po No.: | C4: T-221 MUL JAMWAR PRINT OLD | D4: Out | E4: =SUM(E9:E100) -> 90
A5: Invoice Date | C5: 46197 | D5: Bal Qty | E5: {=LOOKUP(9,1/(F:F<>""),F:F)} -> 0
A6: Invoice Number | C6: MC/26-27/33 | D6: Unit | E6: MTRS
H7: WORK ORDER NO. | K7: =SUM(K9:K102) -> 0
A8: Date | B8: Challan No. | C8: Size | D8: Inward Qty | E8: Outward Qty | F8: Balance | H8: Date | I8: Challan No. | J8: Item | K8: Qty | L8: Unit | M8: For
A9: 46185 | B9: JB-0355/26-27 | C9: =C4 -> T-221 MUL JAMWAR PRINT OLD | D9: 44.5 | F9: =D9-E9 -> 44.5
A10: 46185 | B10: JB-0355/26-27 | D10: 44.5 | F10: =IF(OR(D10<>"",E10<>""),F9+D10-E10,"") -> 89
A11: 46195 | B11: 1874 | E11: 90 | F11: =IF(OR(D11<>"",E11<>""),F10+D11-E11,"") -> -1
C12: adjustment | D12: 1 | F12: =IF(OR(D12<>"",E12<>""),F11+D12-E12,"") -> 0
F13: =IF(OR(D13<>"",E13<>""),F12+D13-E13,"")
F14: =IF(OR(D14<>"",E14<>""),F13+D14-E14,"")
F15: =IF(OR(D15<>"",E15<>""),F14+D15-E15,"")
F16: =IF(OR(D16<>"",E16<>""),F15+D16-E16,"")
F17: =IF(OR(D17<>"",E17<>""),F16+D17-E17,"")
F18: =IF(OR(D18<>"",E18<>""),F17+D18-E18,"")
F19: =IF(OR(D19<>"",E19<>""),F18+D19-E19,"")
F20: =IF(OR(D20<>"",E20<>""),F19+D20-E20,"")
F21: =IF(OR(D21<>"",E21<>""),F20+D21-E21,"")
F22: =IF(OR(D22<>"",E22<>""),F21+D22-E22,"")
F23: =IF(OR(D23<>"",E23<>""),F22+D23-E23,"")
F24: =IF(OR(D24<>"",E24<>""),F23+D24-E24,"")
... F52: =IF(OR(D52<>"",E52<>""),F51+D52-E52,"")

Sheet ABEDFAB
A1: ⬅ BACK TO REPORT | H1: ⬅ BACK TO REPORT
A2: Vendor Name | C2: AMAN EMBROIDERY | D2: Invoice Amount | H2: Vendor Name | J2: AMAN EMBROIDERY | K2: Invoice Amount
A3: Place | C3: PANIPAT | D3: In | E3: =SUM(D9:D100) -> 0 | H3: Place | J3: PANIPAT | K3: In | L3: =SUM(K9:K100) -> 0
A4: Style / Po No.: | C4: PILLOW DOUBLE FABRIC | D4: Out | E4: =SUM(E9:E100) -> 251 | H4: Style / Po No.: | K4: Out | L4: =SUM(L9:L100) -> 0
A5: Invoice Date | D5: Bal Qty | E5: {=LOOKUP(9,1/(F:F<>""),F:F)} -> -251 | H5: Invoice Date | K5: Bal Qty | L5: {=LOOKUP(9,1/(M:M<>""),M:M)} -> 0
A6: Invoice Number | D6: Unit | E6: PCS | H6: Invoice Number | K6: Unit | L6: PCS
A8: Date | B8: Challan No. | C8: Size | D8: Inward Qty | E8: Outward Qty | F8: Balance | H8: Date | I8: Challan No. | J8: Size | K8: Inward Qty | L8: Outward Qty | M8: Balance
A9: 46184 | B9: 49 | C9: =C4 -> PILLOW DOUBLE FABRIC | E9: 251 | F9: =D9-E9 -> -251 | M9: =K9-L9 -> 0
F10: =IF(OR(D10<>"",E10<>""),F9+D10-E10,"") | M10: =IF(OR(K10<>"",L10<>""),M9+K10-L10,"")
F11: =IF(OR(D11<>"",E11<>""),F10+D11-E11,"") | M11: =IF(OR(K11<>"",L11<>""),M10+K11-L11,"")
F12: =IF(OR(D12<>"",E12<>""),F11+D12-E12,"") | M12: =IF(OR(K12<>"",L12<>""),M11+K12-L12,"")
F13: =IF(OR(D13<>"",E13<>""),F12+D13-E13,"") | M13: =IF(OR(K13<>"",L13<>""),M12+K13-L13,"")
F14: =IF(OR(D14<>"",E14<>""),F13+D14-E14,"") | M14: =IF(OR(K14<>"",L14<>""),M13+K14-L14,"")
F15: =IF(OR(D15<>"",E15<>""),F14+D15-E15,"") | M15: =IF(OR(K15<>"",L15<>""),M14+K15-L15,"")
F16: =IF(OR(D16<>"",E16<>""),F15+D16-E16,"") | M16: =IF(OR(K16<>"",L16<>""),M15+K16-L16,"")
F17: =IF(OR(D17<>"",E17<>""),F16+D17-E17,"") | M17: =IF(OR(K17<>"",L17<>""),M16+K17-L17,"")
F18: =IF(OR(D18<>"",E18<>""),F17+D18-E18,"") | M18: =IF(OR(K18<>"",L18<>""),M17+K18-L18,"")
F19: =IF(OR(D19<>"",E19<>""),F18+D19-E19,"") | M19: =IF(OR(K19<>"",L19<>""),M18+K19-L19,"")
F20: =IF(OR(D20<>"",E20<>""),F19+D20-E20,"") | M20: =IF(OR(K20<>"",L20<>""),M19+K20-L20,"")
F21: =IF(OR(D21<>"",E21<>""),F20+D21-E21,"") | M21: =IF(OR(K21<>"",L21<>""),M20+K21-L21,"")
... F52: =IF(OR(D52<>"",E52<>""),F51+D52-E52,"") | M52: =IF(OR(K52<>"",L52<>""),M51+K52-L52,"")

Sheet ABEDDIBBI
A1: ⬅ BACK TO REPORT | H1: ⬅ BACK TO REPORT
A2: Vendor Name | C2: AMAN EMBROIDERY | D2: Invoice Amount | H2: Vendor Name | J2: AMAN EMBROIDERY | K2: Invoice Amount
A3: Place | C3: PANIPAT | D3: In | E3: =SUM(D9:D100) -> 0 | H3: Place | J3: PANIPAT | K3: In | L3: =SUM(K9:K100) -> 0
A4: Style / Po No.: | C4: BED SHEET DIBBI | D4: Out | E4: =SUM(E9:E100) -> 95 | H4: Style / Po No.: | K4: Out | L4: =SUM(L9:L100) -> 0
A5: Invoice Date | D5: Bal Qty | E5: {=LOOKUP(9,1/(F:F<>""),F:F)} -> -95 | H5: Invoice Date | K5: Bal Qty | L5: {=LOOKUP(9,1/(M:M<>""),M:M)} -> 0
A6: Invoice Number | D6: Unit | E6: PCS | H6: Invoice Number | K6: Unit | L6: PCS
A8: Date | B8: Challan No. | C8: Size | D8: Inward Qty | E8: Outward Qty | F8: Balance | H8: Date | I8: Challan No. | J8: Size | K8: Inward Qty | L8: Outward Qty | M8: Balance
A9: 46185 | B9: 50 | C9: =C4 -> BED SHEET DIBBI | E9: 30 | F9: =D9-E9 -> -30 | M9: =K9-L9 -> 0
A10: 46186 | B10: 52 | E10: 18 | F10: =IF(OR(D10<>"",E10<>""),F9+D10-E10,"") -> -48 | M10: =IF(OR(K10<>"",L10<>""),M9+K10-L10,"")
A11: 46189 | B11: 56 | E11: 3 | F11: =IF(OR(D11<>"",E11<>""),F10+D11-E11,"") -> -51 | M11: =IF(OR(K11<>"",L11<>""),M10+K11-L11,"")
A12: 46195 | B12: 60 | E12: 44 | F12: =IF(OR(D12<>"",E12<>""),F11+D12-E12,"") -> -95 | M12: =IF(OR(K12<>"",L12<>""),M11+K12-L12,"")
F13: =IF(OR(D13<>"",E13<>""),F12+D13-E13,"") | M13: =IF(OR(K13<>"",L13<>""),M12+K13-L13,"")
F14: =IF(OR(D14<>"",E14<>""),F13+D14-E14,"") | M14: =IF(OR(K14<>"",L14<>""),M13+K14-L14,"")
F15: =IF(OR(D15<>"",E15<>""),F14+D15-E15,"") | M15: =IF(OR(K15<>"",L15<>""),M14+K15-L15,"")
F16: =IF(OR(D16<>"",E16<>""),F15+D16-E16,"") | M16: =IF(OR(K16<>"",L16<>""),M15+K16-L16,"")
F17: =IF(OR(D17<>"",E17<>""),F16+D17-E17,"") | M17: =IF(OR(K17<>"",L17<>""),M16+K17-L17,"")
F18: =IF(OR(D18<>"",E18<>""),F17+D18-E18,"") | M18: =IF(OR(K18<>"",L18<>""),M17+K18-L18,"")
F19: =IF(OR(D19<>"",E19<>""),F18+D19-E19,"") | M19: =IF(OR(K19<>"",L19<>""),M18+K19-L19,"")
F20: =IF(OR(D20<>"",E20<>""),F19+D20-E20,"") | M20: =IF(OR(K20<>"",L20<>""),M19+K20-L20,"")
F21: =IF(OR(D21<>"",E21<>""),F20+D21-E21,"") | M21: =IF(OR(K21<>"",L21<>""),M20+K21-L21,"")
F22: =IF(OR(D22<>"",E22<>""),F21+D22-E22,"") | M22: =IF(OR(K22<>"",L22<>""),M21+K22-L22,"")
F23: =IF(OR(D23<>"",E23<>""),F22+D23-E23,"") | M23: =IF(OR(K23<>"",L23<>""),M22+K23-L23,"")
F24: =IF(OR(D24<>"",E24<>""),F23+D24-E24,"") | M24: =IF(OR(K24<>"",L24<>""),M23+K24-L24,"")
... F52: =IF(OR(D52<>"",E52<>""),F51+D52-E52,"") | M52: =IF(OR(K52<>"",L52<>""),M51+K52-L52,"")

Sheet D1174SAREE
A1: ⬅ BACK TO REPORT | K1: =SUMIF(J9:J52,J1,K9:K52) -> 0
A2: Vendor Name | C2: ART & DESIGN | D2: Invoice Amount | E2: 39249
A3: Place | C3: NOIDA | D3: In | E3: =SUM(D9:D100) -> 21
A4: Style / Po No.: | C4: D-1174 SAREE OLD | D4: Out | E4: =SUM(E9:E100) -> 21
A5: Invoice Date | C5: 46197 | D5: Bal Qty | E5: {=LOOKUP(9,1/(F:F<>""),F:F)} -> 0
A6: Invoice Number | C6: MC/26-27/36 | D6: Unit | E6: PCS
H7: WORK ORDER NO. | K7: =SUM(K9:K102) -> 0
A8: Date | B8: Challan No. | C8: Size | D8: Inward Qty | E8: Outward Qty | F8: Balance | H8: Date | I8: Challan No. | J8: Item | K8: Qty | L8: Unit | M8: For
A9: 46168 | B9: JB-0268/26-27 | C9: =C4 -> D-1174 SAREE OLD | D9: 21 | F9: =D9-E9 -> 21
A10: 46185 | B10: 1869 | E10: 5 | F10: =IF(OR(D10<>"",E10<>""),F9+D10-E10,"") -> 16
A11: 46190 | B11: 1870 | E11: 16 | F11: =IF(OR(D11<>"",E11<>""),F10+D11-E11,"") -> 0
F12: =IF(OR(D12<>"",E12<>""),F11+D12-E12,"")
F13: =IF(OR(D13<>"",E13<>""),F12+D13-E13,"")
F14: =IF(OR(D14<>"",E14<>""),F13+D14-E14,"")
F15: =IF(OR(D15<>"",E15<>""),F14+D15-E15,"")
F16: =IF(OR(D16<>"",E16<>""),F15+D16-E16,"")
F17: =IF(OR(D17<>"",E17<>""),F16+D17-E17,"")
F18: =IF(OR(D18<>"",E18<>""),F17+D18-E18,"")
F19: =IF(OR(D19<>"",E19<>""),F18+D19-E19,"")
F20: =IF(OR(D20<>"",E20<>""),F19+D20-E20,"")
F21: =IF(OR(D21<>"",E21<>""),F20+D21-E21,"")
F22: =IF(OR(D22<>"",E22<>""),F21+D22-E22,"")
F23: =IF(OR(D23<>"",E23<>""),F22+D23-E23,"")
... F52: =IF(OR(D52<>"",E52<>""),F51+D52-E52,"")

Sheet CRASANTA
A1: ⬅ BACK TO REPORT | K1: =SUMIF(J9:J52,J1,K9:K52) -> 0
A2: Vendor Name | C2: CRA CREATIVE | D2: Invoice Amount
A3: Place | C3: PANIPAT | D3: In | E3: =SUM(D9:D100) -> 0
A4: Style / Po No.: | C4: SANTA | D4: Out | E4: =SUM(E9:E100) -> 392
A5: Invoice Date | D5: Bal Qty | E5: {=LOOKUP(9,1/(F:F<>""),F:F)} -> -392
A6: Invoice Number | D6: Unit | E6: PCS
H7: WORK ORDER NO. | K7: =SUM(K9:K102) -> 0
A8: Date | B8: Challan No. | C8: Size | D8: Inward Qty | E8: Outward Qty | F8: Balance | H8: Date | I8: Challan No. | J8: Item | K8: Qty | L8: Unit | M8: For
A9: 46186 | B9: 51 | C9: =C4 -> SANTA | E9: 14 | F9: =D9-E9 -> -14 | H9: 1 O/S
A10: 46188 | B10: 54 | E10: 210 | F10: =IF(OR(D10<>"",E10<>""),F9+D10-E10,"") -> -224
A11: 46188 | B11: 54 | E11: 168 | F11: =IF(OR(D11<>"",E11<>""),F10+D11-E11,"") -> -392
F12: =IF(OR(D12<>"",E12<>""),F11+D12-E12,"")
F13: =IF(OR(D13<>"",E13<>""),F12+D13-E13,"")
F14: =IF(OR(D14<>"",E14<>""),F13+D14-E14,"")
F15: =IF(OR(D15<>"",E15<>""),F14+D15-E15,"")
F16: =IF(OR(D16<>"",E16<>""),F15+D16-E16,"")
F17: =IF(OR(D17<>"",E17<>""),F16+D17-E17,"")
F18: =IF(OR(D18<>"",E18<>""),F17+D18-E18,"")
F19: =IF(OR(D19<>"",E19<>""),F18+D19-E19,"")
F20: =IF(OR(D20<>"",E20<>""),F19+D20-E20,"")
F21: =IF(OR(D21<>"",E21<>""),F20+D21-E21,"")
F22: =IF(OR(D22<>"",E22<>""),F21+D22-E22,"")
F23: =IF(OR(D23<>"",E23<>""),F22+D23-E23,"")
... F52: =IF(OR(D52<>"",E52<>""),F51+D52-E52,"")

Sheet BMTUR
A1: ⬅ BACK TO REPORT | K1: =SUMIF(J9:J52,J1,K9:K52) -> 0
A2: Vendor Name | C2: AMAN EMBROIDERY | D2: Invoice Amount
A3: Place | C3: PANIPAT | D3: In | E3: =SUM(D9:D100) -> 0
A4: Style / Po No.: | C4: B/MAT TURTLE CHIRAG | D4: Out | E4: =SUM(E9:E100) -> 651
A5: Invoice Date | D5: Bal Qty | E5: {=LOOKUP(9,1/(F:F<>""),F:F)} -> -651
A6: Invoice Number | D6: Unit | E6: PCS
H7: WORK ORDER NO. | K7: =SUM(K9:K102) -> 0
A8: Date | B8: Challan No. | C8: Size | D8: Inward Qty | E8: Outward Qty | F8: Balance | H8: Date | I8: Challan No. | J8: Item | K8: Qty | L8: Unit | M8: For
A9: 46183 | B9: 48 | C9: =C4 -> B/MAT TURTLE CHIRAG | E9: 5 | F9: =D9-E9 -> -5 | H9: O/S 1 PLUS
A10: 46199 | B10: 63 | E10: 250 | F10: =IF(OR(D10<>"",E10<>""),F9+D10-E10,"") -> -255
A11: 46202 | B11: 67 | E11: 396 | F11: =IF(OR(D11<>"",E11<>""),F10+D11-E11,"") -> -651
F12: =IF(OR(D12<>"",E12<>""),F11+D12-E12,"")
F13: =IF(OR(D13<>"",E13<>""),F12+D13-E13,"")
F14: =IF(OR(D14<>"",E14<>""),F13+D14-E14,"")
F15: =IF(OR(D15<>"",E15<>""),F14+D15-E15,"")
F16: =IF(OR(D16<>"",E16<>""),F15+D16-E16,"")
F17: =IF(OR(D17<>"",E17<>""),F16+D17-E17,"")
F18: =IF(OR(D18<>"",E18<>""),F17+D18-E18,"")
F19: =IF(OR(D19<>"",E19<>""),F18+D19-E19,"")
F20: =IF(OR(D20<>"",E20<>""),F19+D20-E20,"")
F21: =IF(OR(D21<>"",E21<>""),F20+D21-E21,"")
F22: =IF(OR(D22<>"",E22<>""),F21+D22-E22,"")
F23: =IF(OR(D23<>"",E23<>""),F22+D23-E23,"")
... F52: =IF(OR(D52<>"",E52<>""),F51+D52-E52,"")

Sheet BMTIE
A1: ⬅ BACK TO REPORT | K1: =SUMIF(J9:J52,J1,K9:K52) -> 0
A2: Vendor Name | C2: AMAN EMBROIDERY | D2: Invoice Amount
A3: Place | C3: PANIPAT | D3: In | E3: =SUM(D9:D100) -> 0
A4: Style / Po No.: | C4: B/MAT TIE CHIRAG | D4: Out | E4: =SUM(E9:E100) -> 405
A5: Invoice Date | D5: Bal Qty | E5: {=LOOKUP(9,1/(F:F<>""),F:F)} -> -405
A6: Invoice Number | D6: Unit | E6: PCS
H7: WORK ORDER NO. | K7: =SUM(K9:K102) -> 0
A8: Date | B8: Challan No. | C8: Size | D8: Inward Qty | E8: Outward Qty | F8: Balance | H8: Date | I8: Challan No. | J8: Item | K8: Qty | L8: Unit | M8: For
A9: 46183 | B9: 48 | C9: B/MAT TIE CHIRAG | E9: 5 | F9: =D9-E9 -> -5 | H9: O/S 1 PLUS
A10: 46184 | B10: 49 | E10: 60 | F10: =IF(OR(D10<>"",E10<>""),F9+D10-E10,"") -> -65
A11: 46185 | B11: 50 | E11: 40 | F11: =IF(OR(D11<>"",E11<>""),F10+D11-E11,"") -> -105
A12: 46186 | B12: 52 | E12: 50 | F12: =IF(OR(D12<>"",E12<>""),F11+D12-E12,"") -> -155
A13: 46186 | B13: 53 | E13: 40 | F13: =IF(OR(D13<>"",E13<>""),F12+D13-E13,"") -> -195
A14: 46188 | B14: 55 | E14: 97 | F14: =IF(OR(D14<>"",E14<>""),F13+D14-E14,"") -> -292
A15: 46189 | B15: 56 | E15: 100 | F15: =IF(OR(D15<>"",E15<>""),F14+D15-E15,"") -> -392
A16: 46189 | B16: 57 | E16: 5 | F16: =IF(OR(D16<>"",E16<>""),F15+D16-E16,"") -> -397
A17: 46190 | B17: 58 | E17: 8 | F17: =IF(OR(D17<>"",E17<>""),F16+D17-E17,"") -> -405
F18: =IF(OR(D18<>"",E18<>""),F17+D18-E18,"")
F19: =IF(OR(D19<>"",E19<>""),F18+D19-E19,"")
F20: =IF(OR(D20<>"",E20<>""),F19+D20-E20,"")
F21: =IF(OR(D21<>"",E21<>""),F20+D21-E21,"")
F22: =IF(OR(D22<>"",E22<>""),F21+D22-E22,"")
F23: =IF(OR(D23<>"",E23<>""),F22+D23-E23,"")
F24: =IF(OR(D24<>"",E24<>""),F23+D24-E24,"")
F25: =IF(OR(D25<>"",E25<>""),F24+D25-E25,"")
F26: =IF(OR(D26<>"",E26<>""),F25+D26-E26,"")
F27: =IF(OR(D27<>"",E27<>""),F26+D27-E27,"")
F28: =IF(OR(D28<>"",E28<>""),F27+D28-E28,"")
F29: =IF(OR(D29<>"",E29<>""),F28+D29-E29,"")
... F52: =IF(OR(D52<>"",E52<>""),F51+D52-E52,"")

Sheet D1454SD
A1: ⬅ BACK TO REPORT | K1: =SUMIF(J9:J52,J1,K9:K52) -> 0
A2: Vendor Name | C2: ART & DESIGN | D2: Invoice Amount | E2: 21395
A3: Place | C3: NOIDA | D3: In | E3: =SUM(D9:D100) -> 37
A4: Style / Po No.: | C4: D-1454 ORGANZA SUIT+DUPATTA | D4: Out | E4: =SUM(E9:E100) -> 37
A5: Invoice Date | C5: 46185 | D5: Bal Qty | E5: {=LOOKUP(9,1/(F:F<>""),F:F)} -> 0
A6: Invoice Number | C6: mc/26-27/29 | D6: Unit | E6: PCS
H7: WORK ORDER NO. | K7: =SUM(K9:K102) -> 0
A8: Date | B8: Challan No. | C8: Size | D8: Inward Qty | E8: Outward Qty | F8: Balance | H8: Date | I8: Challan No. | J8: Item | K8: Qty | L8: Unit | M8: For
A9: 46168 | B9: JB-0268/26-27 | C9: =C4 -> D-1454 ORGANZA SUIT+DUPATTA | D9: 37 | F9: =D9-E9 -> 37
A10: 46185 | B10: 1869 | E10: 37 | F10: =IF(OR(D10<>"",E10<>""),F9+D10-E10,"") -> 0
F11: =IF(OR(D11<>"",E11<>""),F10+D11-E11,"")
F12: =IF(OR(D12<>"",E12<>""),F11+D12-E12,"")
F13: =IF(OR(D13<>"",E13<>""),F12+D13-E13,"")
F14: =IF(OR(D14<>"",E14<>""),F13+D14-E14,"")
F15: =IF(OR(D15<>"",E15<>""),F14+D15-E15,"")
F16: =IF(OR(D16<>"",E16<>""),F15+D16-E16,"")
F17: =IF(OR(D17<>"",E17<>""),F16+D17-E17,"")
F18: =IF(OR(D18<>"",E18<>""),F17+D18-E18,"")
F19: =IF(OR(D19<>"",E19<>""),F18+D19-E19,"")
F20: =IF(OR(D20<>"",E20<>""),F19+D20-E20,"")
F21: =IF(OR(D21<>"",E21<>""),F20+D21-E21,"")
F22: =IF(OR(D22<>"",E22<>""),F21+D22-E22,"")
... F52: =IF(OR(D52<>"",E52<>""),F51+D52-E52,"")

Sheet D1462SUIT
A1: ⬅ BACK TO REPORT | K1: =SUMIF(J9:J52,J1,K9:K52) -> 0
A2: Vendor Name | C2: ART & DESIGN | D2: Invoice Amount | E2: 32053
A3: Place | C3: NOIDA | D3: In | E3: =SUM(D9:D100) -> 34
A4: Style / Po No.: | C4: D-1462 ORGANZA SUIT | D4: Out | E4: =SUM(E9:E100) -> 34
A5: Invoice Date | C5: 46185 | D5: Bal Qty | E5: {=LOOKUP(9,1/(F:F<>""),F:F)} -> 0
A6: Invoice Number | C6: mc/26-27/29 | D6: Unit | E6: PCS
H7: WORK ORDER NO. | K7: =SUM(K9:K102) -> 0
A8: Date | B8: Challan No. | C8: Size | D8: Inward Qty | E8: Outward Qty | F8: Balance | H8: Date | I8: Challan No. | J8: Item | K8: Qty | L8: Unit | M8: For
A9: 46168 | B9: JB-0268/26-27 | C9: =C4 -> D-1462 ORGANZA SUIT | D9: 34 | F9: =D9-E9 -> 34
A10: 46185 | B10: 1869 | E10: 34 | F10: =IF(OR(D10<>"",E10<>""),F9+D10-E10,"") -> 0
F11: =IF(OR(D11<>"",E11<>""),F10+D11-E11,"")
F12: =IF(OR(D12<>"",E12<>""),F11+D12-E12,"")
F13: =IF(OR(D13<>"",E13<>""),F12+D13-E13,"")
F14: =IF(OR(D14<>"",E14<>""),F13+D14-E14,"")
F15: =IF(OR(D15<>"",E15<>""),F14+D15-E15,"")
F16: =IF(OR(D16<>"",E16<>""),F15+D16-E16,"")
F17: =IF(OR(D17<>"",E17<>""),F16+D17-E17,"")
F18: =IF(OR(D18<>"",E18<>""),F17+D18-E18,"")
F19: =IF(OR(D19<>"",E19<>""),F18+D19-E19,"")
F20: =IF(OR(D20<>"",E20<>""),F19+D20-E20,"")
F21: =IF(OR(D21<>"",E21<>""),F20+D21-E21,"")
F22: =IF(OR(D22<>"",E22<>""),F21+D22-E22,"")
... F52: =IF(OR(D52<>"",E52<>""),F51+D52-E52,"")

Sheet D1462DUP
A1: ⬅ BACK TO REPORT | K1: =SUMIF(J9:J52,J1,K9:K52) -> 0
A2: Vendor Name | C2: ART & DESIGN | D2: Invoice Amount
A3: Place | C3: NOIDA | D3: In | E3: =SUM(D9:D100) -> 14
A4: Style / Po No.: | C4: D-1462 ORGANZA DUPATTA | D4: Out | E4: =SUM(E9:E100) -> 0
A5: Invoice Date | D5: Bal Qty | E5: {=LOOKUP(9,1/(F:F<>""),F:F)} -> 14
A6: Invoice Number | D6: Unit | E6: MTRS
H7: WORK ORDER NO. | K7: =SUM(K9:K102) -> 0
A8: Date | B8: Challan No. | C8: Size | D8: Inward Qty | E8: Outward Qty | F8: Balance | H8: Date | I8: Challan No. | J8: Item | K8: Qty | L8: Unit | M8: For
A9: 46168 | B9: JB-0268/26-27 | C9: =C4 -> D-1462 ORGANZA DUPATTA | D9: 14 | F9: =D9-E9 -> 14
F10: =IF(OR(D10<>"",E10<>""),F9+D10-E10,"")
F11: =IF(OR(D11<>"",E11<>""),F10+D11-E11,"")
F12: =IF(OR(D12<>"",E12<>""),F11+D12-E12,"")
F13: =IF(OR(D13<>"",E13<>""),F12+D13-E13,"")
F14: =IF(OR(D14<>"",E14<>""),F13+D14-E14,"")
F15: =IF(OR(D15<>"",E15<>""),F14+D15-E15,"")
F16: =IF(OR(D16<>"",E16<>""),F15+D16-E16,"")
F17: =IF(OR(D17<>"",E17<>""),F16+D17-E17,"")
F18: =IF(OR(D18<>"",E18<>""),F17+D18-E18,"")
F19: =IF(OR(D19<>"",E19<>""),F18+D19-E19,"")
F20: =IF(OR(D20<>"",E20<>""),F19+D20-E20,"")
F21: =IF(OR(D21<>"",E21<>""),F20+D21-E21,"")
... F52: =IF(OR(D52<>"",E52<>""),F51+D52-E52,"")

Sheet ABEDLINE
A1: ⬅ BACK TO REPORT | H1: ⬅ BACK TO REPORT | O1: ⬅ BACK TO REPORT
A2: Vendor Name | C2: AMAN EMBROIDERY | D2: Invoice Amount | H2: Vendor Name | J2: AMAN EMBROIDERY | K2: Invoice Amount | O2: Vendor Name | Q2: AMAN EMBROIDERY | R2: Invoice Amount
A3: Place | C3: PANIPAT | D3: In | E3: =SUM(D9:D100) -> 0 | H3: Place | J3: PANIPAT | K3: In | L3: =SUM(K9:K100) -> 0 | O3: Place | Q3: PANIPAT | R3: In | S3: =SUM(R9:R100) -> 0
A4: Style / Po No.: | C4: BED SHEET LINE | D4: Out | E4: =SUM(E9:E100) -> 302 | H4: Style / Po No.: | J4: PILLOW LINE | K4: Out | L4: =SUM(L9:L100) -> 617 | O4: Style / Po No.: | Q4: BEDSHEET LINE COUSHION VALVET | R4: Out | S4: =SUM(S9:S100) -> 468
A5: Invoice Date | D5: Bal Qty | E5: {=LOOKUP(9,1/(F:F<>""),F:F)} -> -302 | H5: Invoice Date | K5: Bal Qty | L5: {=LOOKUP(9,1/(M:M<>""),M:M)} -> -617 | O5: Invoice Date | R5: Bal Qty | S5: {=LOOKUP(9,1/(T:T<>""),T:T)} -> -468
A6: Invoice Number | D6: Unit | E6: PCS | H6: Invoice Number | K6: Unit | L6: PCS | O6: Invoice Number | R6: Unit | S6: PCS
A8: Date | B8: Challan No. | C8: Size | D8: Inward Qty | E8: Outward Qty | F8: Balance | H8: Date | I8: Challan No. | J8: Size | K8: Inward Qty | L8: Outward Qty | M8: Balance | O8: Date | P8: Challan No. | Q8: Size | R8: Inward Qty | S8: Outward Qty | T8: Balance
A9: 46178 | B9: 46 | C9: =C4 -> BED SHEET LINE | E9: 4 | F9: =D9-E9 -> -4 | H9: 46202 | I9: 67 | J9: PILLOW LINE | L9: 617 | M9: =K9-L9 -> -617 | O9: 46216 | P9: 76 | Q9: =Q4 -> BEDSHEET LINE COUSHION VALVET | S9: 208 | T9: =R9-S9 -> -208
A10: 46181 | B10: 47 | E10: 20 | F10: =IF(OR(D10<>"",E10<>""),F9+D10-E10,"") -> -24 | M10: =IF(OR(K10<>"",L10<>""),M9+K10-L10,"") | O10: 46217 | P10: 77 | S10: 260 | T10: =IF(OR(R10<>"",S10<>""),T9+R10-S10,"") -> -468
A11: 46183 | B11: 48 | E11: 80 | F11: =IF(OR(D11<>"",E11<>""),F10+D11-E11,"") -> -104 | M11: =IF(OR(K11<>"",L11<>""),M10+K11-L11,"") | T11: =IF(OR(R11<>"",S11<>""),T10+R11-S11,"")
A12: 46185 | B12: 50 | E12: 124 | F12: =IF(OR(D12<>"",E12<>""),F11+D12-E12,"") -> -228 | M12: =IF(OR(K12<>"",L12<>""),M11+K12-L12,"") | T12: =IF(OR(R12<>"",S12<>""),T11+R12-S12,"")
A13: 46189 | B13: 56 | E13: 74 | F13: =IF(OR(D13<>"",E13<>""),F12+D13-E13,"") -> -302 | M13: =IF(OR(K13<>"",L13<>""),M12+K13-L13,"") | T13: =IF(OR(R13<>"",S13<>""),T12+R13-S13,"")
F14: =IF(OR(D14<>"",E14<>""),F13+D14-E14,"") | M14: =IF(OR(K14<>"",L14<>""),M13+K14-L14,"") | T14: =IF(OR(R14<>"",S14<>""),T13+R14-S14,"")
F15: =IF(OR(D15<>"",E15<>""),F14+D15-E15,"") | M15: =IF(OR(K15<>"",L15<>""),M14+K15-L15,"") | T15: =IF(OR(R15<>"",S15<>""),T14+R15-S15,"")
F16: =IF(OR(D16<>"",E16<>""),F15+D16-E16,"") | M16: =IF(OR(K16<>"",L16<>""),M15+K16-L16,"") | T16: =IF(OR(R16<>"",S16<>""),T15+R16-S16,"")
F17: =IF(OR(D17<>"",E17<>""),F16+D17-E17,"") | M17: =IF(OR(K17<>"",L17<>""),M16+K17-L17,"") | T17: =IF(OR(R17<>"",S17<>""),T16+R17-S17,"")
F18: =IF(OR(D18<>"",E18<>""),F17+D18-E18,"") | M18: =IF(OR(K18<>"",L18<>""),M17+K18-L18,"") | T18: =IF(OR(R18<>"",S18<>""),T17+R18-S18,"")
F19: =IF(OR(D19<>"",E19<>""),F18+D19-E19,"") | M19: =IF(OR(K19<>"",L19<>""),M18+K19-L19,"") | T19: =IF(OR(R19<>"",S19<>""),T18+R19-S19,"")
F20: =IF(OR(D20<>"",E20<>""),F19+D20-E20,"") | M20: =IF(OR(K20<>"",L20<>""),M19+K20-L20,"") | T20: =IF(OR(R20<>"",S20<>""),T19+R20-S20,"")
F21: =IF(OR(D21<>"",E21<>""),F20+D21-E21,"") | M21: =IF(OR(K21<>"",L21<>""),M20+K21-L21,"") | T21: =IF(OR(R21<>"",S21<>""),T20+R21-S21,"")
F22: =IF(OR(D22<>"",E22<>""),F21+D22-E22,"") | M22: =IF(OR(K22<>"",L22<>""),M21+K22-L22,"") | T22: =IF(OR(R22<>"",S22<>""),T21+R22-S22,"")
F23: =IF(OR(D23<>"",E23<>""),F22+D23-E23,"") | M23: =IF(OR(K23<>"",L23<>""),M22+K23-L23,"") | T23: =IF(OR(R23<>"",S23<>""),T22+R23-S23,"")
F24: =IF(OR(D24<>"",E24<>""),F23+D24-E24,"") | M24: =IF(OR(K24<>"",L24<>""),M23+K24-L24,"") | T24: =IF(OR(R24<>"",S24<>""),T23+R24-S24,"")
F25: =IF(OR(D25<>"",E25<>""),F24+D25-E25,"") | M25: =IF(OR(K25<>"",L25<>""),M24+K25-L25,"") | T25: =IF(OR(R25<>"",S25<>""),T24+R25-S25,"")
... F52: =IF(OR(D52<>"",E52<>""),F51+D52-E52,"") | M52: =IF(OR(K52<>"",L52<>""),M51+K52-L52,"") | T52: =IF(OR(R52<>"",S52<>""),T51+R52-S52,"")

Sheet TRS043
A1: ⬅ BACK TO REPORT | K1: =SUMIF(J9:J52,J1,K9:K52) -> 0
A2: Vendor Name | C2: TAURUS HOME FURNISHINGS | D2: Invoice Amount | E2: 6342
A3: Place | C3: GURGAON | D3: In | E3: =SUM(D9:D100) -> 302
A4: Style / Po No.: | C4: TRS-043 BEIGE/RUST | D4: Out | E4: =SUM(E9:E100) -> 302
A5: Invoice Date | C5: 46183 | D5: Bal Qty | E5: {=LOOKUP(9,1/(F:F<>""),F:F)} -> 0
A6: Invoice Number | C6: MC/26-27/26 | D6: Unit | E6: PCS
H7: WORK ORDER NO. | K7: =SUM(K9:K102) -> 0
A8: Date | B8: Challan No. | C8: Size | D8: Inward Qty | E8: Outward Qty | F8: Balance | H8: Date | I8: Challan No. | J8: Item | K8: Qty | L8: Unit | M8: For
A9: 46169 | B9: EI/2026A/117 | C9: 13X21 INCH BEIGE/ | D9: 302 | F9: =D9-E9 -> 302
A10: 46173 | B10: 1861 | C10: PLUS 1 O/S | E10: 5 | F10: =IF(OR(D10<>"",E10<>""),F9+D10-E10,"") -> 297
A11: 46176 | B11: 1864 | E11: 30 | F11: =IF(OR(D11<>"",E11<>""),F10+D11-E11,"") -> 267
A12: 46176 | B12: 1865 | E12: 265 | F12: =IF(OR(D12<>"",E12<>""),F11+D12-E12,"") -> 2
A13: 46176 | B13: 1865 | C13: PLAIN | E13: 2 | F13: =IF(OR(D13<>"",E13<>""),F12+D13-E13,"") -> 0
F14: =IF(OR(D14<>"",E14<>""),F13+D14-E14,"")
F15: =IF(OR(D15<>"",E15<>""),F14+D15-E15,"")
F16: =IF(OR(D16<>"",E16<>""),F15+D16-E16,"")
F17: =IF(OR(D17<>"",E17<>""),F16+D17-E17,"")
F18: =IF(OR(D18<>"",E18<>""),F17+D18-E18,"")
F19: =IF(OR(D19<>"",E19<>""),F18+D19-E19,"")
F20: =IF(OR(D20<>"",E20<>""),F19+D20-E20,"")
F21: =IF(OR(D21<>"",E21<>""),F20+D21-E21,"")
F22: =IF(OR(D22<>"",E22<>""),F21+D22-E22,"")
F23: =IF(OR(D23<>"",E23<>""),F22+D23-E23,"")
F24: =IF(OR(D24<>"",E24<>""),F23+D24-E24,"")
F25: =IF(OR(D25<>"",E25<>""),F24+D25-E25,"")
... F52: =IF(OR(D52<>"",E52<>""),F51+D52-E52,"")

Sheet A1415
A1: ⬅ BACK TO REPORT | K1: =SUMIF(J9:J52,J1,K9:K52) -> 0
A2: Vendor Name | C2: ART & DESIGN | D2: Invoice Amount | E2: 30132
A3: Place | C3: NOIDA | D3: In | E3: =SUM(D9:D100) -> 43
A4: Style / Po No.: | C4: D-1415 MUL SUIT | D4: Out | E4: =SUM(E9:E100) -> 43
A5: Invoice Date | C5: 46197 | D5: Bal Qty | E5: {=LOOKUP(9,1/(F:F<>""),F:F)} -> 0
A6: Invoice Number | C6: MC/26-27/34 | D6: Unit | E6: PCS
H7: WORK ORDER NO. | K7: =SUM(K9:K102) -> 0
A8: Date | B8: Challan No. | C8: Size | D8: Inward Qty | E8: Outward Qty | F8: Balance | H8: Date | I8: Challan No. | J8: Item | K8: Qty | L8: Unit | M8: For
A9: 46175 | B9: JB-0301/26-27 | C9: =C4 -> D-1415 MUL SUIT | D9: 43 | F9: =D9-E9 -> 43
A10: 46198 | B10: 1875 | E10: 43 | F10: =IF(OR(D10<>"",E10<>""),F9+D10-E10,"") -> 0
F11: =IF(OR(D11<>"",E11<>""),F10+D11-E11,"")
F12: =IF(OR(D12<>"",E12<>""),F11+D12-E12,"")
F13: =IF(OR(D13<>"",E13<>""),F12+D13-E13,"")
F14: =IF(OR(D14<>"",E14<>""),F13+D14-E14,"")
F15: =IF(OR(D15<>"",E15<>""),F14+D15-E15,"")
F16: =IF(OR(D16<>"",E16<>""),F15+D16-E16,"")
F17: =IF(OR(D17<>"",E17<>""),F16+D17-E17,"")
F18: =IF(OR(D18<>"",E18<>""),F17+D18-E18,"")
F19: =IF(OR(D19<>"",E19<>""),F18+D19-E19,"")
F20: =IF(OR(D20<>"",E20<>""),F19+D20-E20,"")
F21: =IF(OR(D21<>"",E21<>""),F20+D21-E21,"")
F22: =IF(OR(D22<>"",E22<>""),F21+D22-E22,"")
... F52: =IF(OR(D52<>"",E52<>""),F51+D52-E52,"")

Sheet A1385
A1: ⬅ BACK TO REPORT | K1: =SUMIF(J9:J52,J1,K9:K52) -> 0
A2: Vendor Name | C2: ART & DESIGN | D2: Invoice Amount
A3: Place | C3: NOIDA | D3: In | E3: =SUM(D9:D100) -> 43
A4: Style / Po No.: | C4: D-1385 MUL SUIT | D4: Out | E4: =SUM(E9:E100) -> 43
A5: Invoice Date | D5: Bal Qty | E5: {=LOOKUP(9,1/(F:F<>""),F:F)} -> 0
A6: Invoice Number | D6: Unit | E6: PCS
H7: WORK ORDER NO. | K7: =SUM(K9:K102) -> 0
A8: Date | B8: Challan No. | C8: Size | D8: Inward Qty | E8: Outward Qty | F8: Balance | H8: Date | I8: Challan No. | J8: Item | K8: Qty | L8: Unit | M8: For
A9: 46175 | B9: JB-0301/26-27 | C9: =C4 -> D-1385 MUL SUIT | D9: 43 | F9: =D9-E9 -> 43
A10: 46200 | B10: 1876 | E10: 43 | F10: =IF(OR(D10<>"",E10<>""),F9+D10-E10,"") -> 0
F11: =IF(OR(D11<>"",E11<>""),F10+D11-E11,"")
F12: =IF(OR(D12<>"",E12<>""),F11+D12-E12,"")
F13: =IF(OR(D13<>"",E13<>""),F12+D13-E13,"")
F14: =IF(OR(D14<>"",E14<>""),F13+D14-E14,"")
F15: =IF(OR(D15<>"",E15<>""),F14+D15-E15,"")
F16: =IF(OR(D16<>"",E16<>""),F15+D16-E16,"")
F17: =IF(OR(D17<>"",E17<>""),F16+D17-E17,"")
F18: =IF(OR(D18<>"",E18<>""),F17+D18-E18,"")
F19: =IF(OR(D19<>"",E19<>""),F18+D19-E19,"")
F20: =IF(OR(D20<>"",E20<>""),F19+D20-E20,"")
F21: =IF(OR(D21<>"",E21<>""),F20+D21-E21,"")
F22: =IF(OR(D22<>"",E22<>""),F21+D22-E22,"")
... F52: =IF(OR(D52<>"",E52<>""),F51+D52-E52,"")

Sheet A1552OLD
A1: ⬅ BACK TO REPORT | K1: =SUMIF(J9:J52,J1,K9:K52) -> 0
A2: Vendor Name | C2: ART & DESIGN | D2: Invoice Amount | E2: 56741
A3: Place | C3: NOIDA | D3: In | E3: =SUM(D9:D100) -> 87
A4: Style / Po No.: | C4: D-1552 ORGANZA SUIT | D4: Out | E4: =SUM(E9:E100) -> 87
A5: Invoice Date | C5: 46182 | D5: Bal Qty | E5: {=LOOKUP(9,1/(F:F<>""),F:F)} -> 0
A6: Invoice Number | C6: MC/26-27/24 | D6: Unit | E6: PCS
H7: WORK ORDER NO. | K7: =SUM(K9:K102) -> 0
A8: Date | B8: Challan No. | C8: Size | D8: Inward Qty | E8: Outward Qty | F8: Balance | H8: Date | I8: Challan No. | J8: Item | K8: Qty | L8: Unit | M8: For
A9: 46168 | B9: JB-0268/26-27 | C9: =C4 -> D-1552 ORGANZA SUIT | D9: 87 | F9: =D9-E9 -> 87
A10: 46175 | B10: 1863 | C10: 1552 | E10: 10 | F10: =IF(OR(D10<>"",E10<>""),F9+D10-E10,"") -> 77
A11: 46179 | B11: 1866 | E11: 77 | F11: =IF(OR(D11<>"",E11<>""),F10+D11-E11,"") -> 0
F12: =IF(OR(D12<>"",E12<>""),F11+D12-E12,"")
F13: =IF(OR(D13<>"",E13<>""),F12+D13-E13,"")
F14: =IF(OR(D14<>"",E14<>""),F13+D14-E14,"")
F15: =IF(OR(D15<>"",E15<>""),F14+D15-E15,"")
F16: =IF(OR(D16<>"",E16<>""),F15+D16-E16,"")
F17: =IF(OR(D17<>"",E17<>""),F16+D17-E17,"")
F18: =IF(OR(D18<>"",E18<>""),F17+D18-E18,"")
F19: =IF(OR(D19<>"",E19<>""),F18+D19-E19,"")
F20: =IF(OR(D20<>"",E20<>""),F19+D20-E20,"")
F21: =IF(OR(D21<>"",E21<>""),F20+D21-E21,"")
F22: =IF(OR(D22<>"",E22<>""),F21+D22-E22,"")
F23: =IF(OR(D23<>"",E23<>""),F22+D23-E23,"")
... F52: =IF(OR(D52<>"",E52<>""),F51+D52-E52,"")

Sheet TACT0622
A1: ⬅ BACK TO REPORT | K1: =SUMIF(J9:J52,J1,K9:K52) -> 0
A2: Vendor Name | C2: TAURUS HOME FURNISHINGS | D2: Invoice Amount
A3: Place | C3: GURGAON | D3: In | E3: =SUM(D9:D100) -> 320
A4: Style / Po No.: | C4: ACT-0622-02 | D4: Out | E4: =SUM(E9:E100) -> 320
A5: Invoice Date | D5: Bal Qty | E5: {=LOOKUP(9,1/(F:F<>""),F:F)} -> 0
A6: Invoice Number | D6: Unit | E6: PCS
H7: WORK ORDER NO. | K7: =SUM(K9:K102) -> 0
A8: Date | B8: Challan No. | C8: Size | D8: Inward Qty | E8: Outward Qty | F8: Balance | H8: Date | I8: Challan No. | J8: Item | K8: Qty | L8: Unit | M8: For
A9: 46169 | B9: EI/2026A/116 | C9: 45X45 CM BLUE CUT | D9: 320 | F9: =D9-E9 -> 320
A10: 46185 | B10: 1868 | E10: 320 | F10: =IF(OR(D10<>"",E10<>""),F9+D10-E10,"") -> 0
F11: =IF(OR(D11<>"",E11<>""),F10+D11-E11,"")
F12: =IF(OR(D12<>"",E12<>""),F11+D12-E12,"")
F13: =IF(OR(D13<>"",E13<>""),F12+D13-E13,"")
F14: =IF(OR(D14<>"",E14<>""),F13+D14-E14,"")
F15: =IF(OR(D15<>"",E15<>""),F14+D15-E15,"")
F16: =IF(OR(D16<>"",E16<>""),F15+D16-E16,"")
F17: =IF(OR(D17<>"",E17<>""),F16+D17-E17,"")
F18: =IF(OR(D18<>"",E18<>""),F17+D18-E18,"")
F19: =IF(OR(D19<>"",E19<>""),F18+D19-E19,"")
F20: =IF(OR(D20<>"",E20<>""),F19+D20-E20,"")
F21: =IF(OR(D21<>"",E21<>""),F20+D21-E21,"")
F22: =IF(OR(D22<>"",E22<>""),F21+D22-E22,"")
... F52: =IF(OR(D52<>"",E52<>""),F51+D52-E52,"")

Sheet A BFLY
A1: ⬅ BACK TO REPORT | H1: ⬅ BACK TO REPORT
A2: Vendor Name | C2: AMAN EMBROIDERY | D2: Invoice Amount | H2: Vendor Name | J2: AMAN EMBROIDERY | K2: Invoice Amount
A3: Place | C3: PANIPAT | D3: In | E3: =SUM(D9:D100) -> 0 | H3: Place | J3: PANIPAT | K3: In | L3: =SUM(K9:K100) -> 0
A4: Style / Po No.: | C4: BUTTERFLY GARDEN | D4: Out | E4: =SUM(E9:E100) -> 600 | H4: Style / Po No.: | J4: BUTTERFLY CHIRAG | K4: Out | L4: =SUM(L9:L100) -> 860
A5: Invoice Date | C5: 6 | D5: Bal Qty | E5: {=LOOKUP(9,1/(F:F<>""),F:F)} -> -600 | H5: Invoice Date | K5: Bal Qty | L5: {=LOOKUP(9,1/(M:M<>""),M:M)} -> -860
A6: Invoice Number | C6: 46130 | D6: Unit | E6: PCS | H6: Invoice Number | K6: Unit | L6: PCS
A8: Date | B8: Challan No. | C8: Size | D8: Inward Qty | E8: Outward Qty | F8: Balance | H8: Date | I8: Challan No. | J8: Size | K8: Inward Qty | L8: Outward Qty | M8: Balance
A9: 46168 | B9: DKPT-38 | C9: =C4 -> BUTTERFLY GARDEN | E9: 280 | F9: =D9-E9 -> -280 | H9: 46202 | I9: 67 | J9: =J4 -> BUTTERFLY CHIRAG | L9: 10 | M9: =K9-L9 -> -10 | N9: 1 O/S
A10: 46168 | B10: DKPT-39 | E10: 260 | F10: =IF(OR(D10<>"",E10<>""),F9+D10-E10,"") -> -540 | H10: 46203 | I10: 69 | L10: 40 | M10: =IF(OR(K10<>"",L10<>""),M9+K10-L10,"") -> -50
A11: 46171 | B11: DKPT-40 | E11: 60 | F11: =IF(OR(D11<>"",E11<>""),F10+D11-E11,"") -> -600 | H11: 46205 | I11: 72 | L11: 190 | M11: =IF(OR(K11<>"",L11<>""),M10+K11-L11,"") -> -240
F12: =IF(OR(D12<>"",E12<>""),F11+D12-E12,"") | H12: 46209 | I12: 74 | L12: 370 | M12: =IF(OR(K12<>"",L12<>""),M11+K12-L12,"") -> -610
F13: =IF(OR(D13<>"",E13<>""),F12+D13-E13,"") | H13: 46214 | I13: 75 | L13: 250 | M13: =IF(OR(K13<>"",L13<>""),M12+K13-L13,"") -> -860
F14: =IF(OR(D14<>"",E14<>""),F13+D14-E14,"") | M14: =IF(OR(K14<>"",L14<>""),M13+K14-L14,"")
F15: =IF(OR(D15<>"",E15<>""),F14+D15-E15,"") | M15: =IF(OR(K15<>"",L15<>""),M14+K15-L15,"")
F16: =IF(OR(D16<>"",E16<>""),F15+D16-E16,"") | M16: =IF(OR(K16<>"",L16<>""),M15+K16-L16,"")
F17: =IF(OR(D17<>"",E17<>""),F16+D17-E17,"") | M17: =IF(OR(K17<>"",L17<>""),M16+K17-L17,"")
F18: =IF(OR(D18<>"",E18<>""),F17+D18-E18,"") | M18: =IF(OR(K18<>"",L18<>""),M17+K18-L18,"")
F19: =IF(OR(D19<>"",E19<>""),F18+D19-E19,"") | M19: =IF(OR(K19<>"",L19<>""),M18+K19-L19,"")
F20: =IF(OR(D20<>"",E20<>""),F19+D20-E20,"") | M20: =IF(OR(K20<>"",L20<>""),M19+K20-L20,"")
F21: =IF(OR(D21<>"",E21<>""),F20+D21-E21,"") | M21: =IF(OR(K21<>"",L21<>""),M20+K21-L21,"")
F22: =IF(OR(D22<>"",E22<>""),F21+D22-E22,"") | M22: =IF(OR(K22<>"",L22<>""),M21+K22-L22,"")
F23: =IF(OR(D23<>"",E23<>""),F22+D23-E23,"") | M23: =IF(OR(K23<>"",L23<>""),M22+K23-L23,"")
F24: =IF(OR(D24<>"",E24<>""),F23+D24-E24,"") | M24: =IF(OR(K24<>"",L24<>""),M23+K24-L24,"")
F25: =IF(OR(D25<>"",E25<>""),F24+D25-E25,"") | M25: =IF(OR(K25<>"",L25<>""),M24+K25-L25,"")
... F52: =IF(OR(D52<>"",E52<>""),F51+D52-E52,"") | M52: =IF(OR(K52<>"",L52<>""),M51+K52-L52,"")

Sheet ABEDOLD
A1: ⬅ BACK TO REPORT
A2: Vendor Name | C2: AMAN EMBROIDERY | D2: Invoice Amount
A3: Place | C3: PANIPAT | D3: In | E3: =SUM(D9:D100) -> 0
A4: Style / Po No.: | C4: BED SHEET OLD | D4: Out | E4: =SUM(E9:E100) -> 179
A5: Invoice Date | D5: Bal Qty | E5: {=LOOKUP(9,1/(F:F<>""),F:F)} -> -179
A6: Invoice Number | D6: Unit | E6: PCS
A8: Date | B8: Challan No. | C8: Size | D8: Inward Qty | E8: Outward Qty | F8: Balance | H8: Date | I8: Challan No. | J8: Item | K8: Qty | L8: Unit
A9: 46134 | B9: 14 | C9: =C4 -> BED SHEET OLD | E9: 178 | F9: =D9-E9 -> -178
A10: 46134 | B10: 14 | C10: PLAIN | E10: 1 | F10: =IF(OR(D10<>"",E10<>""),F9+D10-E10,"") -> -179
F11: =IF(OR(D11<>"",E11<>""),F10+D11-E11,"")
F12: =IF(OR(D12<>"",E12<>""),F11+D12-E12,"")
F13: =IF(OR(D13<>"",E13<>""),F12+D13-E13,"")
F14: =IF(OR(D14<>"",E14<>""),F13+D14-E14,"")
F15: =IF(OR(D15<>"",E15<>""),F14+D15-E15,"")
F16: =IF(OR(D16<>"",E16<>""),F15+D16-E16,"")
F17: =IF(OR(D17<>"",E17<>""),F16+D17-E17,"")
F18: =IF(OR(D18<>"",E18<>""),F17+D18-E18,"")
F19: =IF(OR(D19<>"",E19<>""),F18+D19-E19,"")
F20: =IF(OR(D20<>"",E20<>""),F19+D20-E20,"")
F21: =IF(OR(D21<>"",E21<>""),F20+D21-E21,"")
F22: =IF(OR(D22<>"",E22<>""),F21+D22-E22,"")
... F52: =IF(OR(D52<>"",E52<>""),F51+D52-E52,"")

Sheet AQUILT
A1: ⬅ BACK TO REPORT
A2: Vendor Name | C2: AMAN EMBROIDERY | D2: Invoice Amount
A3: Place | C3: PANIPAT | D3: In | E3: =SUM(D9:D100) -> 0
A4: Style / Po No.: | C4: QUILT BED SHEET | D4: Out | E4: =SUM(E9:E100) -> 1
A5: Invoice Date | D5: Bal Qty | E5: {=LOOKUP(9,1/(F:F<>""),F:F)} -> -1
A6: Invoice Number | D6: Unit | E6: PCS
A8: Date | B8: Challan No. | C8: Size | D8: Inward Qty | E8: Outward Qty | F8: Balance | H8: Date | I8: Challan No. | J8: Item | K8: Qty | L8: Unit
A9: 46174 | B9: 44 | C9: =C4 -> QUILT BED SHEET | E9: 1 | F9: =D9-E9 -> -1 | G9: 1 O/S
F10: =IF(OR(D10<>"",E10<>""),F9+D10-E10,"")
F11: =IF(OR(D11<>"",E11<>""),F10+D11-E11,"")
F12: =IF(OR(D12<>"",E12<>""),F11+D12-E12,"")
F13: =IF(OR(D13<>"",E13<>""),F12+D13-E13,"")
F14: =IF(OR(D14<>"",E14<>""),F13+D14-E14,"")
F15: =IF(OR(D15<>"",E15<>""),F14+D15-E15,"")
F16: =IF(OR(D16<>"",E16<>""),F15+D16-E16,"")
F17: =IF(OR(D17<>"",E17<>""),F16+D17-E17,"")
F18: =IF(OR(D18<>"",E18<>""),F17+D18-E18,"")
F19: =IF(OR(D19<>"",E19<>""),F18+D19-E19,"")
F20: =IF(OR(D20<>"",E20<>""),F19+D20-E20,"")
F21: =IF(OR(D21<>"",E21<>""),F20+D21-E21,"")
... F52: =IF(OR(D52<>"",E52<>""),F51+D52-E52,"")

Sheet A FBSHEET
A1: ⬅ BACK TO REPORT | H1: ⬅ BACK TO REPORT
A2: Vendor Name | C2: AMAN EMBROIDERY | D2: Invoice Amount | H2: Vendor Name | J2: AMAN EMBROIDERY | K2: Invoice Amount
A3: Place | C3: PANIPAT | D3: In | E3: =SUM(D9:D100) -> 0 | H3: Place | J3: PANIPAT | K3: In | L3: =SUM(K9:K100) -> 0
A4: Style / Po No.: | C4: DOUBLE FABRIC BED SHEET | D4: Out | E4: =SUM(E9:E100) -> 282 | H4: Style / Po No.: | J4: DOUBLE FABRIC PILOW | K4: Out | L4: =SUM(L9:L100) -> 165
A5: Invoice Date | C5: 46191 | D5: Bal Qty | E5: {=LOOKUP(9,1/(F:F<>""),F:F)} -> -282 | H5: Invoice Date | J5: 46191 | K5: Bal Qty | L5: {=LOOKUP(9,1/(M:M<>""),M:M)} -> -165
A6: Invoice Number | C6: 7 | D6: Unit | E6: PCS | H6: Invoice Number | J6: 7 | K6: Unit | L6: PCS
A8: Date | B8: Challan No. | C8: Size | D8: Inward Qty | E8: Outward Qty | F8: Balance | H8: Date | I8: Challan No. | J8: Size | K8: Inward Qty | L8: Outward Qty | M8: Balance
A9: 46168 | B9: DKPT-39 | C9: =C4 -> DOUBLE FABRIC BED SHEET | E9: 110 | F9: =D9-E9 -> -110 | H9: 46168 | I9: DKPT-39 | J9: =J4 -> DOUBLE FABRIC PILOW | L9: 165 | M9: =K9-L9 -> -165
A10: 46171 | B10: dkpt-40 | E10: 52 | F10: =IF(OR(D10<>"",E10<>""),F9+D10-E10,"") -> -162 | M10: =IF(OR(K10<>"",L10<>""),M9+K10-L10,"")
A11: 46181 | B11: 47 | E11: 120 | F11: =IF(OR(D11<>"",E11<>""),F10+D11-E11,"") -> -282 | M11: =IF(OR(K11<>"",L11<>""),M10+K11-L11,"")
F12: =IF(OR(D12<>"",E12<>""),F11+D12-E12,"") | M12: =IF(OR(K12<>"",L12<>""),M11+K12-L12,"")
F13: =IF(OR(D13<>"",E13<>""),F12+D13-E13,"") | M13: =IF(OR(K13<>"",L13<>""),M12+K13-L13,"")
F14: =IF(OR(D14<>"",E14<>""),F13+D14-E14,"") | M14: =IF(OR(K14<>"",L14<>""),M13+K14-L14,"")
F15: =IF(OR(D15<>"",E15<>""),F14+D15-E15,"") | M15: =IF(OR(K15<>"",L15<>""),M14+K15-L15,"")
F16: =IF(OR(D16<>"",E16<>""),F15+D16-E16,"") | M16: =IF(OR(K16<>"",L16<>""),M15+K16-L16,"")
F17: =IF(OR(D17<>"",E17<>""),F16+D17-E17,"") | M17: =IF(OR(K17<>"",L17<>""),M16+K17-L17,"")
F18: =IF(OR(D18<>"",E18<>""),F17+D18-E18,"") | M18: =IF(OR(K18<>"",L18<>""),M17+K18-L18,"")
F19: =IF(OR(D19<>"",E19<>""),F18+D19-E19,"") | M19: =IF(OR(K19<>"",L19<>""),M18+K19-L19,"")
F20: =IF(OR(D20<>"",E20<>""),F19+D20-E20,"") | M20: =IF(OR(K20<>"",L20<>""),M19+K20-L20,"")
F21: =IF(OR(D21<>"",E21<>""),F20+D21-E21,"") | M21: =IF(OR(K21<>"",L21<>""),M20+K21-L21,"")
F22: =IF(OR(D22<>"",E22<>""),F21+D22-E22,"") | M22: =IF(OR(K22<>"",L22<>""),M21+K22-L22,"")
F23: =IF(OR(D23<>"",E23<>""),F22+D23-E23,"") | M23: =IF(OR(K23<>"",L23<>""),M22+K23-L23,"")
... F52: =IF(OR(D52<>"",E52<>""),F51+D52-E52,"") | M52: =IF(OR(K52<>"",L52<>""),M51+K52-L52,"")

Sheet ACHIRAG
A1: ⬅ BACK TO REPORT | H1: ⬅ BACK TO REPORT | O1: ⬅ BACK TO REPORT
A2: Vendor Name | C2: AMAN EMBROIDERY | D2: Invoice Amount | H2: Vendor Name | J2: AMAN EMBROIDERY | K2: Invoice Amount | O2: Vendor Name | Q2: AMAN EMBROIDERY | R2: Invoice Amount
A3: Place | C3: PANIPAT | D3: In | E3: =SUM(D9:D100) -> 0 | H3: Place | J3: PANIPAT | K3: In | L3: =SUM(K9:K100) -> 0 | O3: Place | Q3: PANIPAT | R3: In | S3: =SUM(R9:R100) -> 0
A4: Style / Po No.: | C4: CHIRAG B/MAT LEMON | D4: Out | E4: =SUM(E9:E100) -> 400 | H4: Style / Po No.: | J4: CAR CHIRAG | K4: Out | L4: =SUM(L9:L100) -> 316 | O4: Style / Po No.: | Q4: CAT CHIRAG | R4: Out | S4: =SUM(S9:S100) -> 286
A5: Invoice Date | C5: 46199 | D5: Bal Qty | E5: {=LOOKUP(9,1/(F:F<>""),F:F)} -> -400 | H5: Invoice Date | J5: 46199 | K5: Bal Qty | L5: {=LOOKUP(9,1/(M:M<>""),M:M)} -> -316 | O5: Invoice Date | Q5: 46199 | R5: Bal Qty | S5: {=LOOKUP(9,1/(T:T<>""),T:T)} -> -286
A6: Invoice Number | C6: 9 | D6: Unit | E6: PCS | H6: Invoice Number | J6: 9 | K6: Unit | L6: PCS | O6: Invoice Number | Q6: 9 | R6: Unit | S6: PCS
A8: Date | B8: Challan No. | C8: Size | D8: Inward Qty | E8: Outward Qty | F8: Balance | H8: Date | I8: Challan No. | J8: Size | K8: Inward Qty | L8: Outward Qty | M8: Balance | O8: Date | P8: Challan No. | Q8: Size | R8: Inward Qty | S8: Outward Qty | T8: Balance
A9: 46165 | B9: DKPT-36 | C9: =C4 -> CHIRAG B/MAT LEMON | E9: 170 | F9: =D9-E9 -> -170 | G9: 1 O/S | H9: 46171 | I9: DKPT-40 | L9: 70 | M9: =K9-L9 -> -70 | O9: 46177 | P9: 45 | S9: 80 | T9: =R9-S9 -> -80
A10: 46168 | B10: DKPT-39 | E10: 140 | F10: =IF(OR(D10<>"",E10<>""),F9+D10-E10,"") -> -310 | H10: 46173 | I10: DKPT-42 | L10: 150 | M10: =IF(OR(K10<>"",L10<>""),M9+K10-L10,"") -> -220 | O10: 46178 | P10: 46 | S10: 50 | T10: =IF(OR(R10<>"",S10<>""),T9+R10-S10,"") -> -130
A11: 46171 | B11: DKPT-40 | E11: 90 | F11: =IF(OR(D11<>"",E11<>""),F10+D11-E11,"") -> -400 | H11: 46174 | I11: 44 | L11: 50 | M11: =IF(OR(K11<>"",L11<>""),M10+K11-L11,"") -> -270 | O11: 46181 | P11: 47 | S11: 156 | T11: =IF(OR(R11<>"",S11<>""),T10+R11-S11,"") -> -286
F12: =IF(OR(D12<>"",E12<>""),F11+D12-E12,"") | H12: 46177 | I12: 45 | L12: 46 | M12: =IF(OR(K12<>"",L12<>""),M11+K12-L12,"") -> -316 | T12: =IF(OR(R12<>"",S12<>""),T11+R12-S12,"")
F13: =IF(OR(D13<>"",E13<>""),F12+D13-E13,"") | M13: =IF(OR(K13<>"",L13<>""),M12+K13-L13,"") | T13: =IF(OR(R13<>"",S13<>""),T12+R13-S13,"")
F14: =IF(OR(D14<>"",E14<>""),F13+D14-E14,"") | M14: =IF(OR(K14<>"",L14<>""),M13+K14-L14,"") | T14: =IF(OR(R14<>"",S14<>""),T13+R14-S14,"")
F15: =IF(OR(D15<>"",E15<>""),F14+D15-E15,"") | M15: =IF(OR(K15<>"",L15<>""),M14+K15-L15,"") | T15: =IF(OR(R15<>"",S15<>""),T14+R15-S15,"")
F16: =IF(OR(D16<>"",E16<>""),F15+D16-E16,"") | M16: =IF(OR(K16<>"",L16<>""),M15+K16-L16,"") | T16: =IF(OR(R16<>"",S16<>""),T15+R16-S16,"")
F17: =IF(OR(D17<>"",E17<>""),F16+D17-E17,"") | M17: =IF(OR(K17<>"",L17<>""),M16+K17-L17,"") | T17: =IF(OR(R17<>"",S17<>""),T16+R17-S17,"")
F18: =IF(OR(D18<>"",E18<>""),F17+D18-E18,"") | M18: =IF(OR(K18<>"",L18<>""),M17+K18-L18,"") | T18: =IF(OR(R18<>"",S18<>""),T17+R18-S18,"")
F19: =IF(OR(D19<>"",E19<>""),F18+D19-E19,"") | M19: =IF(OR(K19<>"",L19<>""),M18+K19-L19,"") | T19: =IF(OR(R19<>"",S19<>""),T18+R19-S19,"")
F20: =IF(OR(D20<>"",E20<>""),F19+D20-E20,"") | M20: =IF(OR(K20<>"",L20<>""),M19+K20-L20,"") | T20: =IF(OR(R20<>"",S20<>""),T19+R20-S20,"")
F21: =IF(OR(D21<>"",E21<>""),F20+D21-E21,"") | M21: =IF(OR(K21<>"",L21<>""),M20+K21-L21,"") | T21: =IF(OR(R21<>"",S21<>""),T20+R21-S21,"")
F22: =IF(OR(D22<>"",E22<>""),F21+D22-E22,"") | M22: =IF(OR(K22<>"",L22<>""),M21+K22-L22,"") | T22: =IF(OR(R22<>"",S22<>""),T21+R22-S22,"")
F23: =IF(OR(D23<>"",E23<>""),F22+D23-E23,"") | M23: =IF(OR(K23<>"",L23<>""),M22+K23-L23,"") | T23: =IF(OR(R23<>"",S23<>""),T22+R23-S23,"")
F24: =IF(OR(D24<>"",E24<>""),F23+D24-E24,"") | M24: =IF(OR(K24<>"",L24<>""),M23+K24-L24,"") | T24: =IF(OR(R24<>"",S24<>""),T23+R24-S24,"")
... F52: =IF(OR(D52<>"",E52<>""),F51+D52-E52,"") | M52: =IF(OR(K52<>"",L52<>""),M51+K52-L52,"") | T52: =IF(OR(R52<>"",S52<>""),T51+R52-S52,"")

Sheet Cra Stocking
A1: ⬅ BACK TO REPORT | K1: =SUMIF(J9:J52,J1,K9:K52) -> 0
A2: Vendor Name | C2: CRA CREATIVE PVT LTD | D2: Invoice Amount
A3: Place | C3: PANIPAT | D3: In | E3: =SUM(D9:D100) -> 0
A4: Style / Po No.: | C4: STOCKING | D4: Out | E4: =SUM(E9:E100) -> 2456
A5: Invoice Date | D5: Bal Qty | E5: {=LOOKUP(9,1/(F:F<>""),F:F)} -> -2456
A6: Invoice Number | D6: Unit | E6: PCS
H7: WORK ORDER NO. | K7: =SUM(K9:K102) -> 0
A8: Date | B8: Challan No. | C8: Size | D8: Inward Qty | E8: Outward Qty | F8: Balance | H8: Date | I8: Challan No. | J8: Item | K8: Qty | L8: Unit | M8: For
A9: 46156 | B9: 26 | C9: =C4 -> STOCKING | E9: 22 | F9: =D9-E9 -> -22 | H9: 1 O/S
A10: 46162 | B10: 32 | E10: 500 | F10: =IF(OR(D10<>"",E10<>""),F9+D10-E10,"") -> -522
A11: 46164 | B11: 34 | E11: 1500 | F11: =IF(OR(D11<>"",E11<>""),F10+D11-E11,"") -> -2022
A12: 46167 | B12: 37 | E12: 434 | F12: =IF(OR(D12<>"",E12<>""),F11+D12-E12,"") -> -2456
F13: =IF(OR(D13<>"",E13<>""),F12+D13-E13,"")
F14: =IF(OR(D14<>"",E14<>""),F13+D14-E14,"")
F15: =IF(OR(D15<>"",E15<>""),F14+D15-E15,"")
F16: =IF(OR(D16<>"",E16<>""),F15+D16-E16,"")
F17: =IF(OR(D17<>"",E17<>""),F16+D17-E17,"")
F18: =IF(OR(D18<>"",E18<>""),F17+D18-E18,"")
F19: =IF(OR(D19<>"",E19<>""),F18+D19-E19,"")
F20: =IF(OR(D20<>"",E20<>""),F19+D20-E20,"")
F21: =IF(OR(D21<>"",E21<>""),F20+D21-E21,"")
F22: =IF(OR(D22<>"",E22<>""),F21+D22-E22,"")
F23: =IF(OR(D23<>"",E23<>""),F22+D23-E23,"")
F24: =IF(OR(D24<>"",E24<>""),F23+D24-E24,"")
... F52: =IF(OR(D52<>"",E52<>""),F51+D52-E52,"")

Sheet Cra Pillow
A1: ⬅ BACK TO REPORT | K1: =SUMIF(J9:J52,J1,K9:K52) -> 0
A2: Vendor Name | C2: CRA CREATIVE PVT LTD | D2: Invoice Amount
A3: Place | C3: PANIPAT | D3: In | E3: =SUM(D9:D100) -> 0
A4: Style / Po No.: | C4: WHITE PILLOW | D4: Out | E4: =SUM(E9:E100) -> 765
A5: Invoice Date | D5: Bal Qty | E5: {=LOOKUP(9,1/(F:F<>""),F:F)} -> -765
A6: Invoice Number | D6: Unit | E6: PCS
H7: WORK ORDER NO. | K7: =SUM(K9:K102) -> 0
A8: Date | B8: Challan No. | C8: Size | D8: Inward Qty | E8: Outward Qty | F8: Balance | H8: Date | I8: Challan No. | J8: Item | K8: Qty | L8: Unit | M8: For
A9: 46162 | B9: 32 | C9: =C4 -> WHITE PILLOW | E9: 565 | F9: =D9-E9 -> -565 | H9: 1 O/S
A10: 46174 | B10: 43 | E10: 200 | F10: =IF(OR(D10<>"",E10<>""),F9+D10-E10,"") -> -765
F11: =IF(OR(D11<>"",E11<>""),F10+D11-E11,"")
F12: =IF(OR(D12<>"",E12<>""),F11+D12-E12,"")
F13: =IF(OR(D13<>"",E13<>""),F12+D13-E13,"")
F14: =IF(OR(D14<>"",E14<>""),F13+D14-E14,"")
F15: =IF(OR(D15<>"",E15<>""),F14+D15-E15,"")
F16: =IF(OR(D16<>"",E16<>""),F15+D16-E16,"")
F17: =IF(OR(D17<>"",E17<>""),F16+D17-E17,"")
F18: =IF(OR(D18<>"",E18<>""),F17+D18-E18,"")
F19: =IF(OR(D19<>"",E19<>""),F18+D19-E19,"")
F20: =IF(OR(D20<>"",E20<>""),F19+D20-E20,"")
F21: =IF(OR(D21<>"",E21<>""),F20+D21-E21,"")
F22: =IF(OR(D22<>"",E22<>""),F21+D22-E22,"")
... F52: =IF(OR(D52<>"",E52<>""),F51+D52-E52,"")

Sheet TRS092511
A1: ⬅ BACK TO REPORT | K1: =SUMIF(J9:J52,J1,K9:K52) -> 0
A2: Vendor Name | C2: TAURUS HOME FURNISHINGS | D2: Invoice Amount | E2: 36225
A3: Place | C3: GURGAON | D3: In | E3: =SUM(D9:D100) -> 316
A4: Style / Po No.: | C4: TRS-0925-11 RED | D4: Out | E4: =SUM(E9:E100) -> 316
A5: Invoice Date | C5: 46183 | D5: Bal Qty | E5: {=LOOKUP(9,1/(F:F<>""),F:F)} -> 0
A6: Invoice Number | C6: MC/26-27/27 | D6: Unit | E6: PCS
H7: WORK ORDER NO. | K7: =SUM(K9:K102) -> 0
A8: Date | B8: Challan No. | C8: Size | D8: Inward Qty | E8: Outward Qty | F8: Balance | H8: Date | I8: Challan No. | J8: Item | K8: Qty | L8: Unit | M8: For
A9: 46153 | B9: EI/2026A/107 | C9: 20X20 INCH RED CUT | D9: 315 | F9: =D9-E9 -> 315
A10: 46160 | B10: 1849 | E10: 2 | F10: =IF(OR(D10<>"",E10<>""),F9+D10-E10,"") -> 313 | H10: 1 O/S | I10: PLUS
A11: 46164 | B11: 1853 | E11: 15 | F11: =IF(OR(D11<>"",E11<>""),F10+D11-E11,"") -> 298
A12: 46167 | B12: 1855 | E12: 209 | F12: =IF(OR(D12<>"",E12<>""),F11+D12-E12,"") -> 89
A13: 46169 | B13: 1856 | E13: 90 | F13: =IF(OR(D13<>"",E13<>""),F12+D13-E13,"") -> -1
C14: ADJUSTMENT | D14: 1 | F14: =IF(OR(D14<>"",E14<>""),F13+D14-E14,"") -> 0
F15: =IF(OR(D15<>"",E15<>""),F14+D15-E15,"")
F16: =IF(OR(D16<>"",E16<>""),F15+D16-E16,"")
F17: =IF(OR(D17<>"",E17<>""),F16+D17-E17,"")
F18: =IF(OR(D18<>"",E18<>""),F17+D18-E18,"")
F19: =IF(OR(D19<>"",E19<>""),F18+D19-E19,"")
F20: =IF(OR(D20<>"",E20<>""),F19+D20-E20,"")
F21: =IF(OR(D21<>"",E21<>""),F20+D21-E21,"")
F22: =IF(OR(D22<>"",E22<>""),F21+D22-E22,"")
F23: =IF(OR(D23<>"",E23<>""),F22+D23-E23,"")
F24: =IF(OR(D24<>"",E24<>""),F23+D24-E24,"")
F25: =IF(OR(D25<>"",E25<>""),F24+D25-E25,"")
F26: =IF(OR(D26<>"",E26<>""),F25+D26-E26,"")
... F52: =IF(OR(D52<>"",E52<>""),F51+D52-E52,"")

Sheet TRS092555
A1: ⬅ BACK TO REPORT | K1: =SUMIF(J9:J52,J1,K9:K52) -> 0
A2: Vendor Name | C2: TAURUS HOME FURNISHINGS | D2: Invoice Amount | E2: 56700
A3: Place | C3: GURGAON | D3: In | E3: =SUM(D9:D100) -> 320
A4: Style / Po No.: | C4: TRS-0925-55 GREEN | D4: Out | E4: =SUM(E9:E100) -> 320
A5: Invoice Date | C5: 46183 | D5: Bal Qty | E5: {=LOOKUP(9,1/(F:F<>""),F:F)} -> 0
A6: Invoice Number | C6: MC/26-27/28 | D6: Unit | E6: PCS
H7: WORK ORDER NO. | K7: =SUM(K9:K102) -> 0
A8: Date | B8: Challan No. | C8: Size | D8: Inward Qty | E8: Outward Qty | F8: Balance | H8: Date | I8: Challan No. | J8: Item | K8: Qty | L8: Unit | M8: For
A9: 46153 | B9: EI/2026A/106 | C9: 13X21 INCH GREEN NATURAL CUT | D9: 315 | F9: =D9-E9 -> 315
A10: 46160 | B10: 1850 | C10: PLUS 1 O/S | E10: 10 | F10: =IF(OR(D10<>"",E10<>""),F9+D10-E10,"") -> 305
A11: 46164 | B11: 1854 | E11: 220 | F11: =IF(OR(D11<>"",E11<>""),F10+D11-E11,"") -> 85
A12: 46174 | B12: 1859 | E12: 90 | F12: =IF(OR(D12<>"",E12<>""),F11+D12-E12,"") -> -5
C13: ADJUSTMENT | D13: 5 | F13: =IF(OR(D13<>"",E13<>""),F12+D13-E13,"") -> 0
F14: =IF(OR(D14<>"",E14<>""),F13+D14-E14,"")
F15: =IF(OR(D15<>"",E15<>""),F14+D15-E15,"")
F16: =IF(OR(D16<>"",E16<>""),F15+D16-E16,"")
F17: =IF(OR(D17<>"",E17<>""),F16+D17-E17,"")
F18: =IF(OR(D18<>"",E18<>""),F17+D18-E18,"")
F19: =IF(OR(D19<>"",E19<>""),F18+D19-E19,"")
F20: =IF(OR(D20<>"",E20<>""),F19+D20-E20,"")
F21: =IF(OR(D21<>"",E21<>""),F20+D21-E21,"")
F22: =IF(OR(D22<>"",E22<>""),F21+D22-E22,"")
F23: =IF(OR(D23<>"",E23<>""),F22+D23-E23,"")
F24: =IF(OR(D24<>"",E24<>""),F23+D24-E24,"")
F25: =IF(OR(D25<>"",E25<>""),F24+D25-E25,"")
... F52: =IF(OR(D52<>"",E52<>""),F51+D52-E52,"")

Sheet A PTREE
A1: ⬅ BACK TO REPORT
A2: Vendor Name | C2: AMAN EMBROIDERY | D2: Invoice Amount
A3: Place | C3: PANIPAT | D3: In | E3: =SUM(D9:D100) -> 0
A4: Style / Po No.: | C4: PAM TREE B/MAT | D4: Out | E4: =SUM(E9:E100) -> 1022
A5: Invoice Date | D5: Bal Qty | E5: {=LOOKUP(9,1/(F:F<>""),F:F)} -> -1022
A6: Invoice Number | D6: Unit | E6: PCS
A8: Date | B8: Challan No. | C8: Size | D8: Inward Qty | E8: Outward Qty | F8: Balance | H8: Date | I8: Challan No. | J8: Item | K8: Qty | L8: Unit
A9: 46151 | B9: DKPT-24 | C9: =C4 -> PAM TREE B/MAT | E9: 10 | F9: =D9-E9 -> -10 | G9: 1 O/S
A10: 46165 | B10: dkpt-35 | E10: 500 | F10: =IF(OR(D10<>"",E10<>""),F9+D10-E10,"") -> -510
A11: 46168 | B11: DKPT-38 | E11: 512 | F11: =IF(OR(D11<>"",E11<>""),F10+D11-E11,"") -> -1022
F12: =IF(OR(D12<>"",E12<>""),F11+D12-E12,"")
F13: =IF(OR(D13<>"",E13<>""),F12+D13-E13,"")
F14: =IF(OR(D14<>"",E14<>""),F13+D14-E14,"")
F15: =IF(OR(D15<>"",E15<>""),F14+D15-E15,"")
F16: =IF(OR(D16<>"",E16<>""),F15+D16-E16,"")
F17: =IF(OR(D17<>"",E17<>""),F16+D17-E17,"")
F18: =IF(OR(D18<>"",E18<>""),F17+D18-E18,"")
F19: =IF(OR(D19<>"",E19<>""),F18+D19-E19,"")
F20: =IF(OR(D20<>"",E20<>""),F19+D20-E20,"")
F21: =IF(OR(D21<>"",E21<>""),F20+D21-E21,"")
F22: =IF(OR(D22<>"",E22<>""),F21+D22-E22,"")
F23: =IF(OR(D23<>"",E23<>""),F22+D23-E23,"")
... F52: =IF(OR(D52<>"",E52<>""),F51+D52-E52,"")

Sheet A FOME
A1: ⬅ BACK TO REPORT
A2: Vendor Name | C2: AMAN EMBROIDERY | D2: Invoice Amount
A3: Place | C3: PANIPAT | D3: In | E3: =SUM(D9:D100) -> 0
A4: Style / Po No.: | C4: FOME CUSHION | D4: Out | E4: =SUM(E9:E100) -> 1514
A5: Invoice Date | D5: Bal Qty | E5: {=LOOKUP(9,1/(F:F<>""),F:F)} -> -1514
A6: Invoice Number | D6: Unit | E6: PCS
A8: Date | B8: Challan No. | C8: Size | D8: Inward Qty | E8: Outward Qty | F8: Balance | H8: Date | I8: Challan No. | J8: Item | K8: Qty | L8: Unit
A9: 46162 | B9: DKPT-31 | C9: =C4 -> FOME CUSHION | E9: 64 | F9: =D9-E9 -> -64 | G9: 1 O/S
A10: 46164 | B10: 33 | E10: 368 | F10: =IF(OR(D10<>"",E10<>""),F9+D10-E10,"") -> -432
A11: 46164 | B11: 33 | E11: 304 | F11: =IF(OR(D11<>"",E11<>""),F10+D11-E11,"") -> -736
A12: 46189 | B12: 56 | E12: 256 | F12: =IF(OR(D12<>"",E12<>""),F11+D12-E12,"") -> -992
A13: 46192 | B13: 1872 | E13: 352 | F13: =IF(OR(D13<>"",E13<>""),F12+D13-E13,"") -> -1344
A14: 46199 | B14: 63 | E14: 170 | F14: =IF(OR(D14<>"",E14<>""),F13+D14-E14,"") -> -1514
F15: =IF(OR(D15<>"",E15<>""),F14+D15-E15,"")
F16: =IF(OR(D16<>"",E16<>""),F15+D16-E16,"")
F17: =IF(OR(D17<>"",E17<>""),F16+D17-E17,"")
F18: =IF(OR(D18<>"",E18<>""),F17+D18-E18,"")
F19: =IF(OR(D19<>"",E19<>""),F18+D19-E19,"")
F20: =IF(OR(D20<>"",E20<>""),F19+D20-E20,"")
F21: =IF(OR(D21<>"",E21<>""),F20+D21-E21,"")
F22: =IF(OR(D22<>"",E22<>""),F21+D22-E22,"")
F23: =IF(OR(D23<>"",E23<>""),F22+D23-E23,"")
F24: =IF(OR(D24<>"",E24<>""),F23+D24-E24,"")
F25: =IF(OR(D25<>"",E25<>""),F24+D25-E25,"")
F26: =IF(OR(D26<>"",E26<>""),F25+D26-E26,"")
... F52: =IF(OR(D52<>"",E52<>""),F51+D52-E52,"")

Sheet ART294
A1: ⬅ BACK TO REPORT
A2: Vendor Name | C2: ART & DESIGN | D2: Invoice Amount | E2: 17268
A3: Place | C3: NOIDA | D3: In | E3: =SUM(D9:D100) -> 155
A4: Style / Po No.: | C4: T-294 MUL | D4: Out | E4: =SUM(E9:E100) -> 155
A5: Invoice Date | C5: 46175 | D5: Bal Qty | E5: {=LOOKUP(9,1/(F:F<>""),F:F)} -> 0
A6: Invoice Number | C6: MC/26-27/23 | D6: Unit | E6: MTRS
A8: Date | B8: Challan No. | C8: Size | D8: Inward Qty | E8: Outward Qty | F8: Balance | H8: Date | I8: Challan No. | J8: Item | K8: Qty | L8: Unit
A9: 46157 | B9: JB-0219/26-27 | C9: T-294 MUL THAN | D9: 100 | F9: =D9-E9 -> 100
A10: 46157 | B10: JB-0219/26-27 | C10: T-294 MUL DUPATTA | D10: 55 | F10: =IF(OR(D10<>"",E10<>""),F9+D10-E10,"") -> 155
A11: 46172 | B11: 1860 | C11: T-294 MUL THAN | E11: 100 | F11: =IF(OR(D11<>"",E11<>""),F10+D11-E11,"") -> 55
A12: 46172 | B12: 1860 | C12: T-294 MUL DUPATTA | E12: 55 | F12: =IF(OR(D12<>"",E12<>""),F11+D12-E12,"") -> 0
F13: =IF(OR(D13<>"",E13<>""),F12+D13-E13,"")
F14: =IF(OR(D14<>"",E14<>""),F13+D14-E14,"")
F15: =IF(OR(D15<>"",E15<>""),F14+D15-E15,"")
F16: =IF(OR(D16<>"",E16<>""),F15+D16-E16,"")
F17: =IF(OR(D17<>"",E17<>""),F16+D17-E17,"")
F18: =IF(OR(D18<>"",E18<>""),F17+D18-E18,"")
F19: =IF(OR(D19<>"",E19<>""),F18+D19-E19,"")
F20: =IF(OR(D20<>"",E20<>""),F19+D20-E20,"")
F21: =IF(OR(D21<>"",E21<>""),F20+D21-E21,"")
F22: =IF(OR(D22<>"",E22<>""),F21+D22-E22,"")
F23: =IF(OR(D23<>"",E23<>""),F22+D23-E23,"")
F24: =IF(OR(D24<>"",E24<>""),F23+D24-E24,"")
... F52: =IF(OR(D52<>"",E52<>""),F51+D52-E52,"")

Sheet ART150
A1: ⬅ BACK TO REPORT
A2: Vendor Name | C2: ART & DESIGN | D2: Invoice Amount | E2: 11962
A3: Place | C3: NOIDA | D3: In | E3: =SUM(D9:D100) -> 43.5
A4: Style / Po No.: | C4: T-150 MUL THAN | D4: Out | E4: =SUM(E9:E100) -> 43.5
A5: Invoice Date | C5: 46175 | D5: Bal Qty | E5: {=LOOKUP(9,1/(F:F<>""),F:F)} -> 0
A6: Invoice Number | C6: MC/26-27/23 | D6: Unit | E6: MTRS
A8: Date | B8: Challan No. | C8: Size | D8: Inward Qty | E8: Outward Qty | F8: Balance | H8: Date | I8: Challan No. | J8: Item | K8: Qty | L8: Unit
A9: 46157 | B9: JB-0219/26-27 | C9: T-150 MUL THAN | D9: 43.5 | F9: =D9-E9 -> 43.5
A10: 46175 | B10: 1862 | E10: 43.5 | F10: =IF(OR(D10<>"",E10<>""),F9+D10-E10,"") -> 0
F11: =IF(OR(D11<>"",E11<>""),F10+D11-E11,"")
F12: =IF(OR(D12<>"",E12<>""),F11+D12-E12,"")
F13: =IF(OR(D13<>"",E13<>""),F12+D13-E13,"")
F14: =IF(OR(D14<>"",E14<>""),F13+D14-E14,"")
F15: =IF(OR(D15<>"",E15<>""),F14+D15-E15,"")
F16: =IF(OR(D16<>"",E16<>""),F15+D16-E16,"")
F17: =IF(OR(D17<>"",E17<>""),F16+D17-E17,"")
F18: =IF(OR(D18<>"",E18<>""),F17+D18-E18,"")
F19: =IF(OR(D19<>"",E19<>""),F18+D19-E19,"")
F20: =IF(OR(D20<>"",E20<>""),F19+D20-E20,"")
F21: =IF(OR(D21<>"",E21<>""),F20+D21-E21,"")
F22: =IF(OR(D22<>"",E22<>""),F21+D22-E22,"")
... F52: =IF(OR(D52<>"",E52<>""),F51+D52-E52,"")

Sheet A 4C
A1: ⬅ BACK TO REPORT
A2: Vendor Name | C2: AMAN EMBROIDERY | D2: Invoice Amount
A3: Place | C3: PANIPAT | D3: In | E3: =SUM(D9:D100) -> 0
A4: Style / Po No.: | C4: 4 COLOUR DORI | D4: Out | E4: =SUM(E9:E100) -> 527
A5: Invoice Date | D5: Bal Qty | E5: {=LOOKUP(9,1/(F:F<>""),F:F)} -> -527
A6: Invoice Number | D6: Unit | E6: PCS
A8: Date | B8: Challan No. | C8: Size | D8: Inward Qty | E8: Outward Qty | F8: Balance | H8: Date | I8: Challan No. | J8: Item | K8: Qty | L8: Unit
A9: 46156 | B9: DKPT-27 | C9: =C4 -> 4 COLOUR DORI | E9: 10 | F9: =D9-E9 -> -10 | G9: 1 O/S
A10: 46162 | B10: DKPT-30 | E10: 100 | F10: =IF(OR(D10<>"",E10<>""),F9+D10-E10,"") -> -110
A11: 46162 | B11: DKPT-31 | E11: 150 | F11: =IF(OR(D11<>"",E11<>""),F10+D11-E11,"") -> -260
A12: 46164 | B12: 33 | E12: 267 | F12: =IF(OR(D12<>"",E12<>""),F11+D12-E12,"") -> -527
F13: =IF(OR(D13<>"",E13<>""),F12+D13-E13,"")
F14: =IF(OR(D14<>"",E14<>""),F13+D14-E14,"")
F15: =IF(OR(D15<>"",E15<>""),F14+D15-E15,"")
F16: =IF(OR(D16<>"",E16<>""),F15+D16-E16,"")
F17: =IF(OR(D17<>"",E17<>""),F16+D17-E17,"")
F18: =IF(OR(D18<>"",E18<>""),F17+D18-E18,"")
F19: =IF(OR(D19<>"",E19<>""),F18+D19-E19,"")
F20: =IF(OR(D20<>"",E20<>""),F19+D20-E20,"")
F21: =IF(OR(D21<>"",E21<>""),F20+D21-E21,"")
F22: =IF(OR(D22<>"",E22<>""),F21+D22-E22,"")
F23: =IF(OR(D23<>"",E23<>""),F22+D23-E23,"")
F24: =IF(OR(D24<>"",E24<>""),F23+D24-E24,"")
... F52: =IF(OR(D52<>"",E52<>""),F51+D52-E52,"")

Sheet ALOVE
A1: ⬅ BACK TO REPORT | H1: ⬅ BACK TO REPORT
A2: Vendor Name | C2: AMAN EMBROIDERY | D2: Invoice Amount | H2: Vendor Name | J2: AMAN EMBROIDERY | K2: Invoice Amount
A3: Place | C3: PANIPAT | D3: In | E3: =SUM(D9:D100) -> 0 | H3: Place | J3: PANIPAT | K3: In | L3: =SUM(K9:K100) -> 0
A4: Style / Po No.: | C4: LOVE NEST 20X30 | D4: Out | E4: =SUM(E9:E100) -> 1035 | H4: Style / Po No.: | J4: LOVE NEST 24X60 | K4: Out | L4: =SUM(L9:L100) -> 255
A5: Invoice Date | D5: Bal Qty | E5: {=LOOKUP(9,1/(F:F<>""),F:F)} -> -1035 | H5: Invoice Date | K5: Bal Qty | L5: {=LOOKUP(9,1/(M:M<>""),M:M)} -> -255
A6: Invoice Number | D6: Unit | E6: PCS | H6: Invoice Number | K6: Unit | L6: PCS
A8: Date | B8: Challan No. | C8: Size | D8: Inward Qty | E8: Outward Qty | F8: Balance | H8: Date | I8: Challan No. | J8: Size | K8: Inward Qty | L8: Outward Qty | M8: Balance
A9: 46148 | B9: DKPT-20 | C9: =C4 -> LOVE NEST 20X30 | E9: 1 | F9: =D9-E9 -> -1 | G9: 1 O/S | H9: 46150 | I9: DKPT-23 | J9: big | L9: 170 | M9: =K9-L9 -> -170
A10: 46148 | B10: DKPT-21 | E10: 480 | F10: =IF(OR(D10<>"",E10<>""),F9+D10-E10,"") -> -481 | H10: 46153 | I10: DKPT-25 | J10: big | L10: 50 | M10: =IF(OR(K10<>"",L10<>""),M9+K10-L10,"") -> -220
A11: 46150 | B11: DKPT-23 | E11: 220 | F11: =IF(OR(D11<>"",E11<>""),F10+D11-E11,"") -> -701 | H11: 46161 | I11: DKPT-30 | J11: PLAIN | L11: 20 | M11: =IF(OR(K11<>"",L11<>""),M10+K11-L11,"") -> -240
A12: 46153 | B12: DKPT-25 | E12: 280 | F12: =IF(OR(D12<>"",E12<>""),F11+D12-E12,"") -> -981 | H12: 46162 | I12: DKPT-31 | L12: 10 | M12: =IF(OR(K12<>"",L12<>""),M11+K12-L12,"") -> -250
A13: 46161 | B13: DKPT-30 | C13: PLAIN | E13: 50 | F13: =IF(OR(D13<>"",E13<>""),F12+D13-E13,"") -> -1031 | H13: 46178 | I13: 46 | L13: 5 | M13: =IF(OR(K13<>"",L13<>""),M12+K13-L13,"") -> -255
A14: 46178 | B14: 46 | E14: 4 | F14: =IF(OR(D14<>"",E14<>""),F13+D14-E14,"") -> -1035 | M14: =IF(OR(K14<>"",L14<>""),M13+K14-L14,"")
F15: =IF(OR(D15<>"",E15<>""),F14+D15-E15,"") | M15: =IF(OR(K15<>"",L15<>""),M14+K15-L15,"")
F16: =IF(OR(D16<>"",E16<>""),F15+D16-E16,"") | M16: =IF(OR(K16<>"",L16<>""),M15+K16-L16,"")
F17: =IF(OR(D17<>"",E17<>""),F16+D17-E17,"") | M17: =IF(OR(K17<>"",L17<>""),M16+K17-L17,"")
F18: =IF(OR(D18<>"",E18<>""),F17+D18-E18,"") | M18: =IF(OR(K18<>"",L18<>""),M17+K18-L18,"")
F19: =IF(OR(D19<>"",E19<>""),F18+D19-E19,"") | M19: =IF(OR(K19<>"",L19<>""),M18+K19-L19,"")
F20: =IF(OR(D20<>"",E20<>""),F19+D20-E20,"") | M20: =IF(OR(K20<>"",L20<>""),M19+K20-L20,"")
F21: =IF(OR(D21<>"",E21<>""),F20+D21-E21,"") | M21: =IF(OR(K21<>"",L21<>""),M20+K21-L21,"")
F22: =IF(OR(D22<>"",E22<>""),F21+D22-E22,"") | M22: =IF(OR(K22<>"",L22<>""),M21+K22-L22,"")
F23: =IF(OR(D23<>"",E23<>""),F22+D23-E23,"") | M23: =IF(OR(K23<>"",L23<>""),M22+K23-L23,"")
F24: =IF(OR(D24<>"",E24<>""),F23+D24-E24,"") | M24: =IF(OR(K24<>"",L24<>""),M23+K24-L24,"")
F25: =IF(OR(D25<>"",E25<>""),F24+D25-E25,"") | M25: =IF(OR(K25<>"",L25<>""),M24+K25-L25,"")
F26: =IF(OR(D26<>"",E26<>""),F25+D26-E26,"") | M26: =IF(OR(K26<>"",L26<>""),M25+K26-L26,"")
... F52: =IF(OR(D52<>"",E52<>""),F51+D52-E52,"") | M52: =IF(OR(K52<>"",L52<>""),M51+K52-L52,"")

Sheet A TBIRD
A1: ⬅ BACK TO REPORT | H1: ⬅ BACK TO REPORT | O1: ⬅ BACK TO REPORT | V1: ⬅ BACK TO REPORT | AC1: ⬅ BACK TO REPORT
A2: Vendor Name | C2: AMAN EMBROIDERY | D2: Invoice Amount | H2: Vendor Name | J2: AMAN EMBROIDERY | K2: Invoice Amount | O2: Vendor Name | Q2: AMAN EMBROIDERY | R2: Invoice Amount | V2: Vendor Name | X2: AMAN EMBROIDERY | Y2: Invoice Amount | AC2: Vendor Name | AE2: AMAN EMBROIDERY | AF2: Invoice Amount
A3: Place | C3: PANIPAT | D3: In | E3: =SUM(D9:D100) -> 0 | H3: Place | J3: PANIPAT | K3: In | L3: =SUM(K9:K100) -> 0 | O3: Place | Q3: PANIPAT | R3: In | S3: =SUM(R9:R100) -> 0 | V3: Place | X3: PANIPAT | Y3: In | Z3: =SUM(Y9:Y100) -> 0 | AC3: Place | AE3: PANIPAT | AF3: In | AG3: =SUM(AF9:AF100) -> 0
A4: Style / Po No.: | C4: TRAZZO 20X30 | D4: Out | E4: =SUM(E9:E100) -> 712 | H4: Style / Po No.: | J4: GILLED BIRD 20X30 | K4: Out | L4: =SUM(L9:L100) -> 1208 | O4: Style / Po No.: | Q4: TRAZZO 24X60 | R4: Out | S4: =SUM(S9:S100) -> 190 | V4: Style / Po No.: | X4: GILLED BIRD 24X60 | Y4: Out | Z4: =SUM(Z9:Z100) -> 356 | AC4: Style / Po No.: | AF4: Out | AG4: =SUM(AG9:AG100) -> 0
A5: Invoice Date | D5: Bal Qty | E5: {=LOOKUP(9,1/(F:F<>""),F:F)} -> -712 | H5: Invoice Date | K5: Bal Qty | L5: {=LOOKUP(9,1/(M:M<>""),M:M)} -> -1208 | O5: Invoice Date | R5: Bal Qty | S5: {=LOOKUP(9,1/(T:T<>""),T:T)} -> -190 | V5: Invoice Date | Y5: Bal Qty | Z5: {=LOOKUP(9,1/(AA:AA<>""),AA:AA)} -> -356 | AC5: Invoice Date | AF5: Bal Qty | AG5: {=LOOKUP(9,1/(AH:AH<>""),AH:AH)} -> 0
A6: Invoice Number | D6: Unit | E6: PCS | H6: Invoice Number | K6: Unit | L6: PCS | O6: Invoice Number | R6: Unit | S6: PCS | V6: Invoice Number | Y6: Unit | Z6: PCS | AC6: Invoice Number | AF6: Unit | AG6: PCS
A8: Date | B8: Challan No. | C8: Size | D8: Inward Qty | E8: Outward Qty | F8: Balance | H8: Date | I8: Challan No. | J8: Size | K8: Inward Qty | L8: Outward Qty | M8: Balance | O8: Date | P8: Challan No. | Q8: Size | R8: Inward Qty | S8: Outward Qty | T8: Balance | V8: Date | W8: Challan No. | X8: Size | Y8: Inward Qty | Z8: Outward Qty | AA8: Balance | AC8: Date | AD8: Challan No. | AE8: Size | AF8: Inward Qty | AG8: Outward Qty | AH8: Balance
A9: 46153 | B9: DKPT-25 | C9: =C4 -> TRAZZO 20X30 | E9: 280 | F9: =D9-E9 -> -280 | G9: 1 O/S | H9: 46153 | I9: DKPT-25 | J9: =J4 -> GILLED BIRD 20X30 | L9: 120 | M9: =K9-L9 -> -120 | O9: 46156 | P9: DKPT-27 | Q9: =Q4 -> TRAZZO 24X60 | S9: 10 | T9: =R9-S9 -> -10 | V9: 46164 | W9: 33 | X9: PLUS 1 O/S | Z9: 70 | AA9: =Y9-Z9 -> -70 | AH9: =AF9-AG9 -> 0
A10: 46157 | B10: DKPT-28 | C10: TRAZZO 20X30 | E10: 420 | F10: =IF(OR(D10<>"",E10<>""),F9+D10-E10,"") -> -700 | H10: 46158 | I10: DKPT-29 | J10: GILLED BIRD 20X30 | L10: 600 | M10: =IF(OR(K10<>"",L10<>""),M9+K10-L10,"") -> -720 | O10: 46157 | P10: DKPT-28 | Q10: TRAZZO 24X60 | S10: 180 | T10: =IF(OR(R10<>"",S10<>""),T9+R10-S10,"") -> -190 | V10: 46171 | W10: 40 | Z10: 100 | AA10: =IF(OR(Y10<>"",Z10<>""),AA9+Y10-Z10,"") -> -170 | AH10: =IF(OR(AF10<>"",AG10<>""),AH9+AF10-AG10,"")
A11: 46178 | B11: 46 | E11: 12 | F11: =IF(OR(D11<>"",E11<>""),F10+D11-E11,"") -> -712 | H11: 46161 | I11: dkpt-30 | L11: 400 | M11: =IF(OR(K11<>"",L11<>""),M10+K11-L11,"") -> -1120 | T11: =IF(OR(R11<>"",S11<>""),T10+R11-S11,"") | V11: 46178 | W11: 46 | Z11: 2 | AA11: =IF(OR(Y11<>"",Z11<>""),AA10+Y11-Z11,"") -> -172 | AH11: =IF(OR(AF11<>"",AG11<>""),AH10+AF11-AG11,"")
F12: =IF(OR(D12<>"",E12<>""),F11+D12-E12,"") | H12: 46164 | I12: 33 | L12: 80 | M12: =IF(OR(K12<>"",L12<>""),M11+K12-L12,"") -> -1200 | T12: =IF(OR(R12<>"",S12<>""),T11+R12-S12,"") | V12: 46173 | W12: 42 | X12: =X7 | Z12: 184 | AA12: =IF(OR(Y12<>"",Z12<>""),AA11+Y12-Z12,"") -> -356 | AH12: =IF(OR(AF12<>"",AG12<>""),AH11+AF12-AG12,"")
F13: =IF(OR(D13<>"",E13<>""),F12+D13-E13,"") | H13: 46178 | I13: 46 | L13: 8 | M13: =IF(OR(K13<>"",L13<>""),M12+K13-L13,"") -> -1208 | T13: =IF(OR(R13<>"",S13<>""),T12+R13-S13,"") | AA13: =IF(OR(Y13<>"",Z13<>""),AA12+Y13-Z13,"") | AH13: =IF(OR(AF13<>"",AG13<>""),AH12+AF13-AG13,"")
F14: =IF(OR(D14<>"",E14<>""),F13+D14-E14,"") | M14: =IF(OR(K14<>"",L14<>""),M13+K14-L14,"") | T14: =IF(OR(R14<>"",S14<>""),T13+R14-S14,"") | AA14: =IF(OR(Y14<>"",Z14<>""),AA13+Y14-Z14,"") | AH14: =IF(OR(AF14<>"",AG14<>""),AH13+AF14-AG14,"")
F15: =IF(OR(D15<>"",E15<>""),F14+D15-E15,"") | M15: =IF(OR(K15<>"",L15<>""),M14+K15-L15,"") | T15: =IF(OR(R15<>"",S15<>""),T14+R15-S15,"") | AA15: =IF(OR(Y15<>"",Z15<>""),AA14+Y15-Z15,"") | AH15: =IF(OR(AF15<>"",AG15<>""),AH14+AF15-AG15,"")
F16: =IF(OR(D16<>"",E16<>""),F15+D16-E16,"") | M16: =IF(OR(K16<>"",L16<>""),M15+K16-L16,"") | T16: =IF(OR(R16<>"",S16<>""),T15+R16-S16,"") | AA16: =IF(OR(Y16<>"",Z16<>""),AA15+Y16-Z16,"") | AH16: =IF(OR(AF16<>"",AG16<>""),AH15+AF16-AG16,"")
F17: =IF(OR(D17<>"",E17<>""),F16+D17-E17,"") | M17: =IF(OR(K17<>"",L17<>""),M16+K17-L17,"") | T17: =IF(OR(R17<>"",S17<>""),T16+R17-S17,"") | AA17: =IF(OR(Y17<>"",Z17<>""),AA16+Y17-Z17,"") | AH17: =IF(OR(AF17<>"",AG17<>""),AH16+AF17-AG17,"")
F18: =IF(OR(D18<>"",E18<>""),F17+D18-E18,"") | M18: =IF(OR(K18<>"",L18<>""),M17+K18-L18,"") | T18: =IF(OR(R18<>"",S18<>""),T17+R18-S18,"") | AA18: =IF(OR(Y18<>"",Z18<>""),AA17+Y18-Z18,"") | AH18: =IF(OR(AF18<>"",AG18<>""),AH17+AF18-AG18,"")
F19: =IF(OR(D19<>"",E19<>""),F18+D19-E19,"") | M19: =IF(OR(K19<>"",L19<>""),M18+K19-L19,"") | T19: =IF(OR(R19<>"",S19<>""),T18+R19-S19,"") | AA19: =IF(OR(Y19<>"",Z19<>""),AA18+Y19-Z19,"") | AH19: =IF(OR(AF19<>"",AG19<>""),AH18+AF19-AG19,"")
F20: =IF(OR(D20<>"",E20<>""),F19+D20-E20,"") | M20: =IF(OR(K20<>"",L20<>""),M19+K20-L20,"") | T20: =IF(OR(R20<>"",S20<>""),T19+R20-S20,"") | AA20: =IF(OR(Y20<>"",Z20<>""),AA19+Y20-Z20,"") | AH20: =IF(OR(AF20<>"",AG20<>""),AH19+AF20-AG20,"")
F21: =IF(OR(D21<>"",E21<>""),F20+D21-E21,"") | M21: =IF(OR(K21<>"",L21<>""),M20+K21-L21,"") | T21: =IF(OR(R21<>"",S21<>""),T20+R21-S21,"") | AA21: =IF(OR(Y21<>"",Z21<>""),AA20+Y21-Z21,"") | AH21: =IF(OR(AF21<>"",AG21<>""),AH20+AF21-AG21,"")
F22: =IF(OR(D22<>"",E22<>""),F21+D22-E22,"") | M22: =IF(OR(K22<>"",L22<>""),M21+K22-L22,"") | T22: =IF(OR(R22<>"",S22<>""),T21+R22-S22,"") | AA22: =IF(OR(Y22<>"",Z22<>""),AA21+Y22-Z22,"") | AH22: =IF(OR(AF22<>"",AG22<>""),AH21+AF22-AG22,"")
F23: =IF(OR(D23<>"",E23<>""),F22+D23-E23,"") | M23: =IF(OR(K23<>"",L23<>""),M22+K23-L23,"") | T23: =IF(OR(R23<>"",S23<>""),T22+R23-S23,"") | AA23: =IF(OR(Y23<>"",Z23<>""),AA22+Y23-Z23,"") | AH23: =IF(OR(AF23<>"",AG23<>""),AH22+AF23-AG23,"")
F24: =IF(OR(D24<>"",E24<>""),F23+D24-E24,"") | M24: =IF(OR(K24<>"",L24<>""),M23+K24-L24,"") | T24: =IF(OR(R24<>"",S24<>""),T23+R24-S24,"") | AA24: =IF(OR(Y24<>"",Z24<>""),AA23+Y24-Z24,"") | AH24: =IF(OR(AF24<>"",AG24<>""),AH23+AF24-AG24,"")
F25: =IF(OR(D25<>"",E25<>""),F24+D25-E25,"") | M25: =IF(OR(K25<>"",L25<>""),M24+K25-L25,"") | T25: =IF(OR(R25<>"",S25<>""),T24+R25-S25,"") | AA25: =IF(OR(Y25<>"",Z25<>""),AA24+Y25-Z25,"") | AH25: =IF(OR(AF25<>"",AG25<>""),AH24+AF25-AG25,"")
... F52: =IF(OR(D52<>"",E52<>""),F51+D52-E52,"") | M52: =IF(OR(K52<>"",L52<>""),M51+K52-L52,"") | T52: =IF(OR(R52<>"",S52<>""),T51+R52-S52,"") | AA52: =IF(OR(Y52<>"",Z52<>""),AA51+Y52-Z52,"") | AH52: =IF(OR(AF52<>"",AG52<>""),AH51+AF52-AG52,"")

Sheet ASTRAW
A1: ⬅ BACK TO REPORT
A2: Vendor Name | C2: AMAN EMBROIDERY | D2: Invoice Amount
A3: Place | C3: PANIPAT | D3: In | E3: =SUM(D9:D100) -> 0
A4: Style / Po No.: | C4: STRAWBERRY WHITE | D4: Out | E4: =SUM(E9:E100) -> 390
A5: Invoice Date | D5: Bal Qty | E5: {=LOOKUP(9,1/(F:F<>""),F:F)} -> -390
A6: Invoice Number | D6: Unit | E6: PCS
A8: Date | B8: Challan No. | C8: Size | D8: Inward Qty | E8: Outward Qty | F8: Balance | H8: Date | I8: Challan No. | J8: Item | K8: Qty | L8: Unit
A9: 46148 | B9: DKPT-20 | C9: =C4 -> STRAWBERRY WHITE | E9: 2 | F9: =D9-E9 -> -2 | G9: 1 O/S
A10: 46148 | B10: DKPT-21 | E10: 24 | F10: =IF(OR(D10<>"",E10<>""),F9+D10-E10,"") -> -26
A11: 46149 | B11: DKPT-22 | E11: 144 | F11: =IF(OR(D11<>"",E11<>""),F10+D11-E11,"") -> -170
A12: 46150 | B12: DKPT-23 | C12: STRAWBERRY WHITE | E12: 96 | F12: =IF(OR(D12<>"",E12<>""),F11+D12-E12,"") -> -266
A13: 46151 | B13: DKPT-24 | C13: PLUS ONE PLAIN | E13: 124 | F13: =IF(OR(D13<>"",E13<>""),F12+D13-E13,"") -> -390
F14: =IF(OR(D14<>"",E14<>""),F13+D14-E14,"")
F15: =IF(OR(D15<>"",E15<>""),F14+D15-E15,"")
F16: =IF(OR(D16<>"",E16<>""),F15+D16-E16,"")
F17: =IF(OR(D17<>"",E17<>""),F16+D17-E17,"")
F18: =IF(OR(D18<>"",E18<>""),F17+D18-E18,"")
F19: =IF(OR(D19<>"",E19<>""),F18+D19-E19,"")
F20: =IF(OR(D20<>"",E20<>""),F19+D20-E20,"")
F21: =IF(OR(D21<>"",E21<>""),F20+D21-E21,"")
F22: =IF(OR(D22<>"",E22<>""),F21+D22-E22,"")
F23: =IF(OR(D23<>"",E23<>""),F22+D23-E23,"")
F24: =IF(OR(D24<>"",E24<>""),F23+D24-E24,"")
F25: =IF(OR(D25<>"",E25<>""),F24+D25-E25,"")
... F52: =IF(OR(D52<>"",E52<>""),F51+D52-E52,"")

Sheet T101811N
A1: ⬅ BACK TO REPORT | K1: =SUMIF(J9:J52,J1,K9:K52) -> 0
A2: Vendor Name | C2: TAURUS HOME | D2: Invoice Amount
A3: Place | D3: In | E3: =SUM(D9:D100) -> 326
A4: Style / Po No.: | C4: ACT-1018-011 | D4: Out | E4: =SUM(E9:E100) -> 0
A5: Invoice Date | D5: Bal Qty | E5: {=LOOKUP(9,1/(F:F<>""),F:F)} -> 326
A6: Invoice Number | D6: Unit | E6: PCS
H7: WORK ORDER NO. | K7: =SUM(K9:K102) -> 0
A8: Date | B8: Challan No. | C8: Size | D8: Inward Qty | E8: Outward Qty | F8: Balance | H8: Date | I8: Challan No. | J8: Item | K8: Qty | L8: Unit | M8: For
A9: 46144 | B9: 281 | C9: ACT-1018-11 | D9: 326 | F9: =D9-E9 -> 326
F10: =IF(OR(D10<>"",E10<>""),F9+D10-E10,"")
F11: =IF(OR(D11<>"",E11<>""),F10+D11-E11,"")
F12: =IF(OR(D12<>"",E12<>""),F11+D12-E12,"")
F13: =IF(OR(D13<>"",E13<>""),F12+D13-E13,"")
F14: =IF(OR(D14<>"",E14<>""),F13+D14-E14,"")
F15: =IF(OR(D15<>"",E15<>""),F14+D15-E15,"")
F16: =IF(OR(D16<>"",E16<>""),F15+D16-E16,"")
F17: =IF(OR(D17<>"",E17<>""),F16+D17-E17,"")
F18: =IF(OR(D18<>"",E18<>""),F17+D18-E18,"")
F19: =IF(OR(D19<>"",E19<>""),F18+D19-E19,"")
F20: =IF(OR(D20<>"",E20<>""),F19+D20-E20,"")
F21: =IF(OR(D21<>"",E21<>""),F20+D21-E21,"")
... F52: =IF(OR(D52<>"",E52<>""),F51+D52-E52,"")

Sheet KCT
A1: ⬅ BACK TO REPORT
A2: Vendor Name | C2: KRITIKA CREATION | D2: Invoice Amount | E2: 85000
A3: Place | C3: PANIPAT | D3: In | E3: =SUM(D9:D100) -> 8500
A4: Style / Po No.: | C4: TREE AARI 60 | D4: Out | E4: =SUM(E9:E100) -> 8500
A5: Invoice Date | C5: 46190 | D5: Bal Qty | E5: {=LOOKUP(9,1/(F:F<>""),F:F)} -> 0
A6: Invoice Number | C6: MC/26-27/31 | D6: Unit | E6: PCS
A8: Date | B8: Challan No. | C8: Size | D8: Inward Qty | E8: Outward Qty | F8: Balance | H8: Date | I8: Challan No. | J8: Item | K8: Qty | L8: Unit
A9: 46144 | B9: MC-1831 | C9: =C4 -> TREE AARI 60 | E9: 1440 | F9: =D9-E9 -> -1440
A10: 46142 | B10: MC-1828 | C10: 1080+30 | E10: 1110 | F10: =IF(OR(D10<>"",E10<>""),F9+D10-E10,"") -> -2550
A11: 46154 | B11: MC-1844 | E11: 1440 | F11: =IF(OR(D11<>"",E11<>""),F10+D11-E11,"") -> -3990
A12: 46157 | B12: mc-1847 | E12: 2340 | F12: =IF(OR(D12<>"",E12<>""),F11+D12-E12,"") -> -6330
A13: 46162 | B13: MC-1851 | E13: 1575 | F13: =IF(OR(D13<>"",E13<>""),F12+D13-E13,"") -> -7905
C14: ADJUSTMENT | D14: 8500 | E14: 595 | F14: =IF(OR(D14<>"",E14<>""),F13+D14-E14,"") -> 0
F15: =IF(OR(D15<>"",E15<>""),F14+D15-E15,"")
F16: =IF(OR(D16<>"",E16<>""),F15+D16-E16,"")
F17: =IF(OR(D17<>"",E17<>""),F16+D17-E17,"")
F18: =IF(OR(D18<>"",E18<>""),F17+D18-E18,"")
F19: =IF(OR(D19<>"",E19<>""),F18+D19-E19,"")
F20: =IF(OR(D20<>"",E20<>""),F19+D20-E20,"")
F21: =IF(OR(D21<>"",E21<>""),F20+D21-E21,"")
F22: =IF(OR(D22<>"",E22<>""),F21+D22-E22,"")
F23: =IF(OR(D23<>"",E23<>""),F22+D23-E23,"")
F24: =IF(OR(D24<>"",E24<>""),F23+D24-E24,"")
F25: =IF(OR(D25<>"",E25<>""),F24+D25-E25,"")
F26: =IF(OR(D26<>"",E26<>""),F25+D26-E26,"")
... F52: =IF(OR(D52<>"",E52<>""),F51+D52-E52,"")

Sheet KCC
A1: ⬅ BACK TO REPORT
A2: Vendor Name | C2: KRITIKA CREATION | D2: Invoice Amount | E2: 77500
A3: Place | C3: PANIPAT | D3: In | E3: =SUM(D9:D100) -> 2500
A4: Style / Po No.: | C4: COUSHION MAHAJAN | D4: Out | E4: =SUM(E9:E100) -> 2500
A5: Invoice Date | C5: 46186 | D5: Bal Qty | E5: {=LOOKUP(9,1/(F:F<>""),F:F)} -> 0
A6: Invoice Number | C6: mc/2026-27/30 | D6: Unit | E6: PCS
A8: Date | B8: Challan No. | C8: Size | D8: Inward Qty | E8: Outward Qty | F8: Balance | H8: Date | I8: Challan No. | J8: Item | K8: Qty | L8: Unit
A9: 46144 | B9: MC-1831 | C9: =C4 -> COUSHION MAHAJAN | E9: 286 | F9: =D9-E9 -> -286
A10: 46142 | B10: MC-1828 | C10: 10+10+382+370 | E10: 772 | F10: =IF(OR(D10<>"",E10<>""),F9+D10-E10,"") -> -1058
A11: 46147 | B11: MC-1838 | C11: 48X15 | E11: 720 | F11: =IF(OR(D11<>"",E11<>""),F10+D11-E11,"") -> -1778
C12: adjustment | D12: 2500 | E12: 722 | F12: =IF(OR(D12<>"",E12<>""),F11+D12-E12,"") -> 0
F13: =IF(OR(D13<>"",E13<>""),F12+D13-E13,"")
F14: =IF(OR(D14<>"",E14<>""),F13+D14-E14,"")
F15: =IF(OR(D15<>"",E15<>""),F14+D15-E15,"")
F16: =IF(OR(D16<>"",E16<>""),F15+D16-E16,"")
F17: =IF(OR(D17<>"",E17<>""),F16+D17-E17,"")
F18: =IF(OR(D18<>"",E18<>""),F17+D18-E18,"")
F19: =IF(OR(D19<>"",E19<>""),F18+D19-E19,"")
F20: =IF(OR(D20<>"",E20<>""),F19+D20-E20,"")
F21: =IF(OR(D21<>"",E21<>""),F20+D21-E21,"")
F22: =IF(OR(D22<>"",E22<>""),F21+D22-E22,"")
F23: =IF(OR(D23<>"",E23<>""),F22+D23-E23,"")
F24: =IF(OR(D24<>"",E24<>""),F23+D24-E24,"")
... F52: =IF(OR(D52<>"",E52<>""),F51+D52-E52,"")

Sheet Adot55
A1: ⬅ BACK TO REPORT | I1: 8.8
A2: Vendor Name | C2: AMAN EMBROIDERY | D2: Invoice Amount | H2: 1 sheet | I2: 9.6 | J2: mtrs
A3: Place | C3: PANIPAT | D3: In | E3: =SUM(D9:D100) -> 0 | J3: 8.8
A4: Style / Po No.: | C4: DOT DESIGN 55" | D4: Out | E4: =SUM(E9:E100) -> 31.645833
A5: Invoice Date | D5: Bal Qty | E5: {=LOOKUP(9,1/(F:F<>""),F:F)} -> -31.645833
A6: Invoice Number | D6: Unit | E6: SHEET
G7: TOTAL
A8: Date | B8: Challan No. | C8: Size | D8: Inward Qty | E8: Outward Qty | F8: Balance | G8: =SUM(E9:E100) -> 31.645833 | H8: Date | I8: Challan No. | J8: Item | K8: Qty | L8: Unit
A9: 46142 | B9: DKPT-16 | C9: =C4 -> DOT DESIGN 55" | E9: 1 | F9: =D9-E9 -> -1 | G9: =E9*$I$2 -> 9.6
A10: 46144 | B10: DKPT-17 | E10: 6 | F10: =IF(OR(D10<>"",E10<>""),F9+D10-E10,"") -> -7 | G10: =E10*$I$2 -> 57.6
A11: 46144 | B11: DKPT-18 | E11: 9 | F11: =IF(OR(D11<>"",E11<>""),F10+D11-E11,"") -> -16 | G11: =E11*$I$2 -> 86.4
A12: 46145 | B12: DKPT-19 | E12: 15 | F12: =IF(OR(D12<>"",E12<>""),F11+D12-E12,"") -> -31 | G12: =E12*$I$2 -> 144
A13: 46148 | B13: DKPT-20 | E13: =6.2/I2 -> 0.64583333 | F13: =IF(OR(D13<>"",E13<>""),F12+D13-E13,"") -> -31.645833 | G13: =E13*$I$2 -> 6.2
F14: =IF(OR(D14<>"",E14<>""),F13+D14-E14,"")
F15: =IF(OR(D15<>"",E15<>""),F14+D15-E15,"")
F16: =IF(OR(D16<>"",E16<>""),F15+D16-E16,"")
F17: =IF(OR(D17<>"",E17<>""),F16+D17-E17,"")
F18: =IF(OR(D18<>"",E18<>""),F17+D18-E18,"")
F19: =IF(OR(D19<>"",E19<>""),F18+D19-E19,"")
F20: =IF(OR(D20<>"",E20<>""),F19+D20-E20,"")
F21: =IF(OR(D21<>"",E21<>""),F20+D21-E21,"")
F22: =IF(OR(D22<>"",E22<>""),F21+D22-E22,"")
F23: =IF(OR(D23<>"",E23<>""),F22+D23-E23,"")
F24: =IF(OR(D24<>"",E24<>""),F23+D24-E24,"")
F25: =IF(OR(D25<>"",E25<>""),F24+D25-E25,"")
... F52: =IF(OR(D52<>"",E52<>""),F51+D52-E52,"")

Sheet Adot110
A1: ⬅ BACK TO REPORT
A2: Vendor Name | C2: AMAN EMBROIDERY | D2: Invoice Amount | H2: 1 sheet | I2: 9.6 | J2: mtrs
A3: Place | C3: PANIPAT | D3: In | E3: =SUM(D9:D100) -> 0
A4: Style / Po No.: | C4: DOT DESIGN 110" | D4: Out | E4: =SUM(E9:E100) -> 2
A5: Invoice Date | D5: Bal Qty | E5: {=LOOKUP(9,1/(F:F<>""),F:F)} -> -2
A6: Invoice Number | D6: Unit | E6: SHEET
G7: TOTAL
A8: Date | B8: Challan No. | C8: Size | D8: Inward Qty | E8: Outward Qty | F8: Balance | G8: =SUM(E9:E100) -> 2 | H8: Date | I8: Challan No. | J8: Item | K8: Qty | L8: Unit
A9: 46148 | B9: DKPT-20 | C9: =C4 -> DOT DESIGN 110" | E9: 2 | F9: =D9-E9 -> -2 | G9: =E9*$I$2 -> 19.2
A10: 46148 | B10: DKPT-21 | C10: PLAIN 228.84 KGS | F10: =IF(OR(D10<>"",E10<>""),F9+D10-E10,"") | G10: =E10*$I$2 -> 0
F11: =IF(OR(D11<>"",E11<>""),F10+D11-E11,"") | G11: =E11*$I$2 -> 0
F12: =IF(OR(D12<>"",E12<>""),F11+D12-E12,"") | G12: =E12*$I$2 -> 0
F13: =IF(OR(D13<>"",E13<>""),F12+D13-E13,"")
F14: =IF(OR(D14<>"",E14<>""),F13+D14-E14,"")
F15: =IF(OR(D15<>"",E15<>""),F14+D15-E15,"")
F16: =IF(OR(D16<>"",E16<>""),F15+D16-E16,"")
F17: =IF(OR(D17<>"",E17<>""),F16+D17-E17,"")
F18: =IF(OR(D18<>"",E18<>""),F17+D18-E18,"")
F19: =IF(OR(D19<>"",E19<>""),F18+D19-E19,"")
F20: =IF(OR(D20<>"",E20<>""),F19+D20-E20,"")
F21: =IF(OR(D21<>"",E21<>""),F20+D21-E21,"")
F22: =IF(OR(D22<>"",E22<>""),F21+D22-E22,"")
F23: =IF(OR(D23<>"",E23<>""),F22+D23-E23,"")
F24: =IF(OR(D24<>"",E24<>""),F23+D24-E24,"")
... F52: =IF(OR(D52<>"",E52<>""),F51+D52-E52,"")

Sheet T0225
A1: ⬅ BACK TO REPORT | K1: =SUMIF(J9:J52,J1,K9:K52) -> 0
A2: Vendor Name | C2: TAURUS HOME | D2: Invoice Amount | E2: 92529
A3: Place | D3: In | E3: =SUM(D9:D100) -> 630
A4: Style / Po No.: | C4: TRS-0225-126 | D4: Out | E4: =SUM(E9:E100) -> 630
A5: Invoice Date | C5: 46183 | D5: Bal Qty | E5: {=LOOKUP(9,1/(F:F<>""),F:F)} -> 0
A6: Invoice Number | C6: MC/26-27/25 | D6: Unit | E6: PCS
H7: WORK ORDER NO. | K7: =SUM(K9:K102) -> 0
A8: Date | B8: Challan No. | C8: Size | D8: Inward Qty | E8: Outward Qty | F8: Balance | H8: Date | I8: Challan No. | J8: Item | K8: Qty | L8: Unit | M8: For
A9: 46140 | B9: EI/2026A/66 | C9: =C4 -> TRS-0225-126 | D9: 621 | F9: =D9-E9 -> 621
A10: 46146 | B10: 1837 | C10: PLUS 1 O/S | E10: 5 | F10: =IF(OR(D10<>"",E10<>""),F9+D10-E10,"") -> 616
A11: 46149 | B11: 1841 | E11: 60 | F11: =IF(OR(D11<>"",E11<>""),F10+D11-E11,"") -> 556
A12: 46153 | B12: 1843 | E12: 225 | F12: =IF(OR(D12<>"",E12<>""),F11+D12-E12,"") -> 331
A13: 46156 | B13: 1845 | E13: 145 | F13: =IF(OR(D13<>"",E13<>""),F12+D13-E13,"") -> 186
A14: 46169 | B14: 1857 | E14: 120 | F14: =IF(OR(D14<>"",E14<>""),F13+D14-E14,"") -> 66
A15: 46171 | B15: 1858 | E15: 75 | F15: =IF(OR(D15<>"",E15<>""),F14+D15-E15,"") -> -9
C16: ADJUSTMENT | D16: 9 | F16: =IF(OR(D16<>"",E16<>""),F15+D16-E16,"") -> 0
F17: =IF(OR(D17<>"",E17<>""),F16+D17-E17,"")
F18: =IF(OR(D18<>"",E18<>""),F17+D18-E18,"")
F19: =IF(OR(D19<>"",E19<>""),F18+D19-E19,"")
F20: =IF(OR(D20<>"",E20<>""),F19+D20-E20,"")
F21: =IF(OR(D21<>"",E21<>""),F20+D21-E21,"")
F22: =IF(OR(D22<>"",E22<>""),F21+D22-E22,"")
F23: =IF(OR(D23<>"",E23<>""),F22+D23-E23,"")
F24: =IF(OR(D24<>"",E24<>""),F23+D24-E24,"")
F25: =IF(OR(D25<>"",E25<>""),F24+D25-E25,"")
F26: =IF(OR(D26<>"",E26<>""),F25+D26-E26,"")
F27: =IF(OR(D27<>"",E27<>""),F26+D27-E27,"")
F28: =IF(OR(D28<>"",E28<>""),F27+D28-E28,"")
... F52: =IF(OR(D52<>"",E52<>""),F51+D52-E52,"")

Sheet AKIDAN
A1: ⬅ BACK TO REPORT
A2: Vendor Name | C2: AMAN EMBROIDERY | D2: Invoice Amount
A3: Place | C3: PANIPAT | D3: In | E3: =SUM(D9:D100) -> 0
A4: Style / Po No.: | C4: B/Mat Kida (Chiraag) NEW | D4: Out | E4: =SUM(E9:E100) -> 240
A5: Invoice Date | D5: Bal Qty | E5: {=LOOKUP(9,1/(F:F<>""),F:F)} -> -240
A6: Invoice Number | D6: Unit | E6: PCS
A8: Date | B8: Challan No. | C8: Size | D8: Inward Qty | E8: Outward Qty | F8: Balance | H8: Date | I8: Challan No. | J8: Item | K8: Qty | L8: Unit
A9: 46139 | B9: DKPT-15 | C9: =C4 -> B/Mat Kida (Chiraag) NEW | E9: 144 | F9: =D9-E9 -> -144
A10: 46195 | B10: 60 | E10: 96 | F10: =IF(OR(D10<>"",E10<>""),F9+D10-E10,"") -> -240
F11: =IF(OR(D11<>"",E11<>""),F10+D11-E11,"")
F12: =IF(OR(D12<>"",E12<>""),F11+D12-E12,"")
F13: =IF(OR(D13<>"",E13<>""),F12+D13-E13,"")
F14: =IF(OR(D14<>"",E14<>""),F13+D14-E14,"")
F15: =IF(OR(D15<>"",E15<>""),F14+D15-E15,"")
F16: =IF(OR(D16<>"",E16<>""),F15+D16-E16,"")
F17: =IF(OR(D17<>"",E17<>""),F16+D17-E17,"")
F18: =IF(OR(D18<>"",E18<>""),F17+D18-E18,"")
F19: =IF(OR(D19<>"",E19<>""),F18+D19-E19,"")
F20: =IF(OR(D20<>"",E20<>""),F19+D20-E20,"")
F21: =IF(OR(D21<>"",E21<>""),F20+D21-E21,"")
F22: =IF(OR(D22<>"",E22<>""),F21+D22-E22,"")
... F52: =IF(OR(D52<>"",E52<>""),F51+D52-E52,"")

Sheet AMULTI
A1: ⬅ BACK TO REPORT
A2: Vendor Name | C2: AMAN EMBROIDERY | D2: Invoice Amount
A3: Place | C3: PANIPAT | D3: In | E3: =SUM(D9:D100) -> 650
A4: Style / Po No.: | C4: B/MAT MULTI LOVE NEXT | D4: Out | E4: =SUM(E9:E100) -> 0
A5: Invoice Date | D5: Bal Qty | E5: {=LOOKUP(9,1/(F:F<>""),F:F)} -> 650
A6: Invoice Number | D6: Unit | E6: PCS
A8: Date | B8: Challan No. | C8: Size | D8: Inward Qty | E8: Outward Qty | F8: Balance | H8: Date | I8: Challan No. | J8: Item | K8: Qty | L8: Unit
A9: 46140 | B9: 2211 | C9: =C4 -> B/MAT MULTI LOVE NEXT | D9: 650 | F9: =D9-E9 -> 650
F10: =IF(OR(D10<>"",E10<>""),F9+D10-E10,"")
F11: =IF(OR(D11<>"",E11<>""),F10+D11-E11,"")
F12: =IF(OR(D12<>"",E12<>""),F11+D12-E12,"")
F13: =IF(OR(D13<>"",E13<>""),F12+D13-E13,"")
F14: =IF(OR(D14<>"",E14<>""),F13+D14-E14,"")
F15: =IF(OR(D15<>"",E15<>""),F14+D15-E15,"")
F16: =IF(OR(D16<>"",E16<>""),F15+D16-E16,"")
F17: =IF(OR(D17<>"",E17<>""),F16+D17-E17,"")
F18: =IF(OR(D18<>"",E18<>""),F17+D18-E18,"")
F19: =IF(OR(D19<>"",E19<>""),F18+D19-E19,"")
F20: =IF(OR(D20<>"",E20<>""),F19+D20-E20,"")
F21: =IF(OR(D21<>"",E21<>""),F20+D21-E21,"")
... F52: =IF(OR(D52<>"",E52<>""),F51+D52-E52,"")

Sheet T102404
A1: ⬅ BACK TO REPORT | K1: =SUMIF(J9:J52,J1,K9:K52) -> 0
A2: Vendor Name | C2: TAURUS HOME | D2: Invoice Amount | E2: 190579
A3: Place | D3: In | E3: =SUM(D9:D100) -> 1439
A4: Style / Po No.: | C4: CPTR-1024-04 | D4: Out | E4: =SUM(E9:E100) -> 1439
A5: Invoice Date | C5: 46154 | D5: Bal Qty | E5: {=LOOKUP(9,1/(F:F<>""),F:F)} -> 0
A6: Invoice Number | C6: MC/26-27/17 | D6: Unit | E6: PCS
H7: WORK ORDER NO. | K7: =SUM(K9:K102) -> 0
A8: Date | B8: Challan No. | C8: Size | D8: Inward Qty | E8: Outward Qty | F8: Balance | H8: Date | I8: Challan No. | J8: Item | K8: Qty | L8: Unit | M8: For
A9: 46126 | B9: EI/2026A/26 | C9: =C4 -> CPTR-1024-04 | D9: 295 | F9: =D9-E9 -> 295
A10: 46130 | B10: EI/2026A/37 | D10: 533 | F10: =IF(OR(D10<>"",E10<>""),F9+D10-E10,"") -> 828
A11: 46130 | B11: EI/2026A/37 | D11: 609 | F11: =IF(OR(D11<>"",E11<>""),F10+D11-E11,"") -> 1437
A12: 46130 | B12: 1815 | E12: 5 | F12: =IF(OR(D12<>"",E12<>""),F11+D12-E12,"") -> 1432
A13: 46130 | B13: 1815 | E13: 25 | F13: =IF(OR(D13<>"",E13<>""),F12+D13-E13,"") -> 1407
A14: 46133 | B14: 1819 | E14: 250 | F14: =IF(OR(D14<>"",E14<>""),F13+D14-E14,"") -> 1157
A15: 46137 | B15: 1825 | E15: 350 | F15: =IF(OR(D15<>"",E15<>""),F14+D15-E15,"") -> 807
A16: 46143 | B16: 1829 | E16: 450 | F16: =IF(OR(D16<>"",E16<>""),F15+D16-E16,"") -> 357
A17: 46144 | B17: 1832 | E17: 150 | F17: =IF(OR(D17<>"",E17<>""),F16+D17-E17,"") -> 207
A18: 46145 | B18: 1836 | E18: 209 | F18: =IF(OR(D18<>"",E18<>""),F17+D18-E18,"") -> -2
C19: ADJUSTMENT | D19: 2 | F19: =IF(OR(D19<>"",E19<>""),F18+D19-E19,"") -> 0
F20: =IF(OR(D20<>"",E20<>""),F19+D20-E20,"")
F21: =IF(OR(D21<>"",E21<>""),F20+D21-E21,"")
F22: =IF(OR(D22<>"",E22<>""),F21+D22-E22,"")
F23: =IF(OR(D23<>"",E23<>""),F22+D23-E23,"")
F24: =IF(OR(D24<>"",E24<>""),F23+D24-E24,"")
F25: =IF(OR(D25<>"",E25<>""),F24+D25-E25,"")
F26: =IF(OR(D26<>"",E26<>""),F25+D26-E26,"")
F27: =IF(OR(D27<>"",E27<>""),F26+D27-E27,"")
F28: =IF(OR(D28<>"",E28<>""),F27+D28-E28,"")
F29: =IF(OR(D29<>"",E29<>""),F28+D29-E29,"")
F30: =IF(OR(D30<>"",E30<>""),F29+D30-E30,"")
F31: =IF(OR(D31<>"",E31<>""),F30+D31-E31,"")
... F52: =IF(OR(D52<>"",E52<>""),F51+D52-E52,"")

Sheet T1018011
A1: ⬅ BACK TO REPORT | K1: =SUMIF(J9:J52,J1,K9:K52) -> 0
A2: Vendor Name | C2: TAURUS HOME | D2: Invoice Amount
A3: Place | D3: In | E3: =SUM(D9:D100) -> 1132
A4: Style / Po No.: | C4: ACT-1018-011 | D4: Out | E4: =SUM(E9:E100) -> 1455
A5: Invoice Date | C5: PART BILLING | D5: Bal Qty | E5: {=LOOKUP(9,1/(F:F<>""),F:F)} -> -323
A6: Invoice Number | D6: Unit | E6: PCS
H7: WORK ORDER NO. | K7: =SUM(K9:K102) -> 0
A8: Date | B8: Challan No. | C8: Size | D8: Inward Qty | E8: Outward Qty | F8: Balance | H8: Date | I8: Challan No. | J8: Item | K8: Qty | L8: Unit | M8: For
A9: 46100 | B9: EI/2025A/374 | C9: ACT-1018-011 | D9: 1132 | F9: =D9-E9 -> 1132
A10: 46106 | B10: 1734 | C10: MC/514/31/03/2026 | E10: 6 | F10: =IF(OR(D10<>"",E10<>""),F9+D10-E10,"") -> 1126
A11: 46116 | B11: 1749 | E11: 1128 | F11: =IF(OR(D11<>"",E11<>""),F10+D11-E11,"") -> -2
A12: 46119 | B12: 1802 | E12: 8 | F12: =IF(OR(D12<>"",E12<>""),F11+D12-E12,"") -> -10
A13: 46160 | B13: 1848 | E13: 296 | F13: =IF(OR(D13<>"",E13<>""),F12+D13-E13,"") -> -306
A14: 46160 | B14: 1848 | E14: 8 | F14: =IF(OR(D14<>"",E14<>""),F13+D14-E14,"") -> -314
A15: 46160 | B15: 1848 | C15: PLAIN | E15: 8 | F15: =IF(OR(D15<>"",E15<>""),F14+D15-E15,"") -> -322
A16: 46160 | B16: 1848 | C16: O/S | E16: 1 | F16: =IF(OR(D16<>"",E16<>""),F15+D16-E16,"") -> -323
F17: =IF(OR(D17<>"",E17<>""),F16+D17-E17,"")
F18: =IF(OR(D18<>"",E18<>""),F17+D18-E18,"")
F19: =IF(OR(D19<>"",E19<>""),F18+D19-E19,"")
F20: =IF(OR(D20<>"",E20<>""),F19+D20-E20,"")
F21: =IF(OR(D21<>"",E21<>""),F20+D21-E21,"")
F22: =IF(OR(D22<>"",E22<>""),F21+D22-E22,"")
F23: =IF(OR(D23<>"",E23<>""),F22+D23-E23,"")
F24: =IF(OR(D24<>"",E24<>""),F23+D24-E24,"")
F25: =IF(OR(D25<>"",E25<>""),F24+D25-E25,"")
F26: =IF(OR(D26<>"",E26<>""),F25+D26-E26,"")
F27: =IF(OR(D27<>"",E27<>""),F26+D27-E27,"")
F28: =IF(OR(D28<>"",E28<>""),F27+D28-E28,"")
... F52: =IF(OR(D52<>"",E52<>""),F51+D52-E52,"")

Sheet T042102
A1: ⬅ BACK TO REPORT | K1: =SUMIF(J9:J52,J1,K9:K52) -> 0
A2: Vendor Name | C2: TAURUS HOME | D2: Invoice Amount | E2: 438900
A3: Place | D3: In | E3: =SUM(D9:D100) -> 4620
A4: Style / Po No.: | C4: CPTR - 0421 - 02 | D4: Out | E4: =SUM(E9:E100) -> 4620
A5: Invoice Date | C5: 46154 | D5: Bal Qty | E5: {=LOOKUP(9,1/(F:F<>""),F:F)} -> 0
A6: Invoice Number | C6: MC/26-27/16 | D6: Unit | E6: PCS
H7: WORK ORDER NO. EO/2025A/186 | K7: =SUM(K9:K102) -> 56390
A8: Date | B8: Challan No. | C8: Size | D8: Inward Qty | E8: Outward Qty | F8: Balance | H8: Date | I8: Challan No. | J8: Item | K8: Qty | L8: Unit | M8: For
A9: 46106 | B9: EI/2025A/381 | C9: 13X72" GREEN CUT | D9: 645 | F9: =D9-E9 -> 645 | H9: 46104 | I9: AI/2025A/1426 | J9: CHENILLE-850 M GREEN | K9: 55233 | L9: MTR | M9: 276/CPTR-0421-02
A10: 7350961 | B10: 1741 | E10: 10 | F10: =IF(OR(D10<>"",E10<>""),F9+D10-E10,"") -> 635 | H10: 46104 | I10: AI/2025A/1426 | J10: NYL 3500M WHITE | K10: 38 | L10: CONE | M10: 276/CPTR-0421-02
A11: 46109 | B11: 385 | D11: 657 | F11: =IF(OR(D11<>"",E11<>""),F10+D11-E11,"") -> 1292 | H11: 46104 | I11: AI/2025A/1426 | J11: POLY-2000 TEX 60 30530 | K11: 464 | L11: CONE | M11: 276/CPTR-0421-02
A12: 46119 | B12: 1803 | E12: 400 | F12: =IF(OR(D12<>"",E12<>""),F11+D12-E12,"") -> 892 | H12: 46104 | I12: AI/2025A/1426 | J12: POLY-2000 TEX 60 31733 | K12: 124 | L12: CONE | M12: 276/CPTR-0421-02
A13: 46119 | B13: EI/2026A/10 | D13: 211 | F13: =IF(OR(D13<>"",E13<>""),F12+D13-E13,"") -> 1103 | H13: 46104 | I13: AI/2025A/1426 | J13: POLY-2000 TEX 60 31734 | K13: 34 | L13: CONE | M13: 276/CPTR-0421-02
A14: 46119 | B14: EI/2026A/10 | D14: 722 | F14: =IF(OR(D14<>"",E14<>""),F13+D14-E14,"") -> 1825 | H14: 46104 | I14: AI/2025A/1426 | J14: POLY-2000 TEX 60 31735 | K14: 84 | L14: CONE | M14: 276/CPTR-0421-02
A15: 46120 | B15: EI/2026A/14 | D15: 562 | F15: =IF(OR(D15<>"",E15<>""),F14+D15-E15,"") -> 2387 | H15: 46104 | I15: AI/2025A/1426 | J15: POLY-2000 TEX 60 31736 | K15: 167 | L15: CONE | M15: 276/CPTR-0421-02
A16: 46120 | B16: 1805 | E16: 150 | F16: =IF(OR(D16<>"",E16<>""),F15+D16-E16,"") -> 2237 | H16: 46104 | I16: AI/2025A/1426 | J16: POLY-2000 TEX 60 31737 | K16: 176 | L16: CONE | M16: 276/CPTR-0421-02
A17: 46122 | B17: 1807 | E17: 500 | F17: =IF(OR(D17<>"",E17<>""),F16+D17-E17,"") -> 1737 | H17: 46104 | I17: AI/2025A/1426 | J17: EMBD-4000M GOLD | K17: 70 | L17: CONE | M17: 276/CPTR-0421-02
A18: 46122 | B18: EI/2026A/15 | D18: 588 | F18: =IF(OR(D18<>"",E18<>""),F17+D18-E18,"") -> 2325
A19: 46126 | B19: 1810 | E19: 1250 | F19: =IF(OR(D19<>"",E19<>""),F18+D19-E19,"") -> 1075
A20: 46126 | B20: EI/2026A/25 | D20: 211 | F20: =IF(OR(D20<>"",E20<>""),F19+D20-E20,"") -> 1286
A21: 46130 | B21: 1813 | E21: 1200 | F21: =IF(OR(D21<>"",E21<>""),F20+D21-E21,"") -> 86
A22: 46133 | B22: 1817 | E22: 450 | F22: =IF(OR(D22<>"",E22<>""),F21+D22-E22,"") -> -364
A23: 46135 | B23: 1821 | C23: MC | E23: 600 | F23: =IF(OR(D23<>"",E23<>""),F22+D23-E23,"") -> -964
A24: 46135 | B24: 1821 | C24: MC | E24: 38 | F24: =IF(OR(D24<>"",E24<>""),F23+D24-E24,"") -> -1002
A25: 46145 | B25: 1834 | C25: MC | E25: 22 | F25: =IF(OR(D25<>"",E25<>""),F24+D25-E25,"") -> -1024
A26: 46140 | B26: 267 | C26: CHALLAN NO. 267 | D26: 22 | F26: =IF(OR(D26<>"",E26<>""),F25+D26-E26,"") -> -1002
C27: ADJUSTMENT W/O BILL | D27: 1002 | F27: =IF(OR(D27<>"",E27<>""),F26+D27-E27,"") -> 0
F28: =IF(OR(D28<>"",E28<>""),F27+D28-E28,"")
F29: =IF(OR(D29<>"",E29<>""),F28+D29-E29,"")
F30: =IF(OR(D30<>"",E30<>""),F29+D30-E30,"")
F31: =IF(OR(D31<>"",E31<>""),F30+D31-E31,"")
F32: =IF(OR(D32<>"",E32<>""),F31+D32-E32,"")
F33: =IF(OR(D33<>"",E33<>""),F32+D33-E33,"")
F34: =IF(OR(D34<>"",E34<>""),F33+D34-E34,"")
F35: =IF(OR(D35<>"",E35<>""),F34+D35-E35,"")
F36: =IF(OR(D36<>"",E36<>""),F35+D36-E36,"")
F37: =IF(OR(D37<>"",E37<>""),F36+D37-E37,"")
F38: =IF(OR(D38<>"",E38<>""),F37+D38-E38,"")
F39: =IF(OR(D39<>"",E39<>""),F38+D39-E39,"")
... F52: =IF(OR(D52<>"",E52<>""),F51+D52-E52,"")

Sheet A ThrowN
A1: ⬅ BACK TO REPORT
A2: Aman Embroidery Throw | C2: =C31 -> 19.5 | D2: 14.5 | E2: =E31 -> 6.5 | F2: 5.66 | G2: =G31 -> 162.67 | H2: 167
A3: Green Ivery | B3: SHEET | C3: 50 x 50 | E3: 45 x 45 | G3: 130 x 180
A4: Date | B4: Challan No. | C4: Sheet | D4: Pcs | E4: Sheet | F4: Pcs | G4: Sheet | H4: Pcs
D5: =D2-C2 -> -5 | F5: =F2-E2 -> -0.84 | H5: =H2-G2 -> 4.33
A6: 46101 | B6: 1725 | C6: 0.5 | D6: =30*C6 -> 15 | E6: 0.5 | F6: =30*E6 -> 15 | G6: 1 | H6: =4*G6 -> 4
A7: 46103 | B7: 1729 | C7: 1 | D7: =30*C7 -> 30 | E7: 1 | F7: =30*E7 -> 30 | H7: =4*G7 -> 0
A8: 46105 | B8: 1730 | D8: =30*C8 -> 0 | F8: =30*E8 -> 0 | G8: 1 | H8: =4*G8 -> 4
A9: 46105 | B9: 1731 | C9: 1 | D9: =30*C9 -> 30 | F9: =30*E9 -> 0 | G9: 5 | H9: =4*G9 -> 20
A10: 46106 | B10: 1735 | D10: =30*C10 -> 0 | E10: 1 | F10: =30*E10 -> 30 | G10: 5 | H10: =4*G10 -> 20
A11: 46107 | B11: 1736 | D11: =30*C11 -> 0 | E11: 4 | F11: =30*E11 -> 120 | G11: 11 | H11: =4*G11 -> 44
A12: 46109 | B12: 1737 | C12: 6 | D12: =30*C12 -> 180 | F12: =30*E12 -> 0 | G12: 10 | H12: =4*G12 -> 40
A13: 46113 | B13: 1 | C13: 11 | D13: =30*C13 -> 330 | F13: =30*E13 -> 0 | G13: 44 | H13: =4*G13 -> 176
A14: 46115 | B14: 4 | D14: =30*C14 -> 0 | F14: =30*E14 -> 0 | G14: 14 | H14: =4*G14 -> 56
A15: 46116 | B15: 5 | D15: =30*C15 -> 0 | F15: =30*E15 -> 0 | G15: 32 | H15: =4*G15 -> 128
A16: 46118 | B16: 6 | D16: =30*C16 -> 0 | F16: =30*E16 -> 0 | G16: 8 | H16: =4*G16 -> 32 | I16: plain fabric | J16: 133mtr (21.940 Kgs)
A17: 46119 | B17: 7 | D17: =30*C17 -> 0 | F17: =30*E17 -> 0 | G17: 16 | H17: =4*G17 -> 64
A18: 46120 | B18: 8 | D18: =30*C18 -> 0 | F18: =30*E18 -> 0 | G18: 5 | H18: =4*G18 -> 20
A19: 46126 | B19: 11 | D19: =30*C19 -> 0 | F19: =30*E19 -> 0 | G19: 10.67 | H19: =4*G19 -> 42.68
D20: =30*C20 -> 0 | F20: =30*E20 -> 0 | H20: =4*G20 -> 0
D21: =30*C21 -> 0 | F21: =30*E21 -> 0 | H21: =4*G21 -> 0
D22: =30*C22 -> 0 | F22: =30*E22 -> 0 | H22: =4*G22 -> 0
D23: =30*C23 -> 0 | F23: =30*E23 -> 0 | H23: =4*G23 -> 0
D24: =30*C24 -> 0 | F24: =30*E24 -> 0 | H24: =4*G24 -> 0
D25: =30*C25 -> 0 | F25: =30*E25 -> 0 | H25: =4*G25 -> 0
D26: =30*C26 -> 0 | F26: =30*E26 -> 0 | H26: =4*G26 -> 0
D27: =30*C27 -> 0 | F27: =30*E27 -> 0 | H27: =4*G27 -> 0
D28: =30*C28 -> 0 | F28: =30*E28 -> 0 | H28: =4*G28 -> 0
D29: =30*C29 -> 0 | F29: =30*E29 -> 0 | H29: =4*G29 -> 0
D30: =30*C30 -> 0 | F30: =30*E30 -> 0 | H30: =4*G30 -> 0
B31: TOTAL | C31: =SUM(C6:C30) -> 19.5 | D31: =SUM(D6:D30) -> 585 | E31: =SUM(E6:E30) -> 6.5 | F31: =SUM(F6:F30) -> 195 | G31: =SUM(G6:G30) -> 162.67 | H31: =SUM(H6:H30) -> 650.68 | J31: =D31+F31+H31 -> 1430.68
B32: Balance | C32: =D2-C2 -> -5 | E32: =F2-E2 -> -0.84 | G32: =H2-G2 -> 4.33
D34: 436 | F34: 170 | H34: 673
D35: =SUM(D34:J34) -> 1279

Sheet A Petal
A1: ⬅ BACK TO REPORT
A2: Vendor Name | C2: AMAN EMBROIDERY | D2: Invoice Amount
A3: Place | C3: PANIPAT | D3: In | E3: =SUM(D9:D100) -> 100
A4: Style / Po No.: | C4: Comferter # Petals | D4: Out | E4: =SUM(E9:E100) -> 312
A5: Invoice Date | D5: Bal Qty | E5: {=LOOKUP(9,1/(F:F<>""),F:F)} -> -212
A6: Invoice Number | D6: Unit | E6: PCS
A8: Date | B8: Challan No. | C8: Size | D8: Inward Qty | E8: Outward Qty | F8: Balance | H8: Date | I8: Challan No. | J8: Item | K8: Qty | L8: Unit
A9: 46098 | B9: 1996 | C9: =C4 -> Comferter # Petals | D9: 100 | F9: =D9-E9 -> 100
A10: 46101 | B10: 1727 | E10: 4 | F10: =IF(OR(D10<>"",E10<>""),F9+D10-E10,"") -> 96
A11: 46103 | B11: 1729 | E11: =63+73 -> 136 | F11: =IF(OR(D11<>"",E11<>""),F10+D11-E11,"") -> -40
A12: 46105 | B12: 1730 | E12: 105 | F12: =IF(OR(D12<>"",E12<>""),F11+D12-E12,"") -> -145
A13: 46106 | B13: 1735 | E13: 67 | F13: =IF(OR(D13<>"",E13<>""),F12+D13-E13,"") -> -212
F14: =IF(OR(D14<>"",E14<>""),F13+D14-E14,"")
F15: =IF(OR(D15<>"",E15<>""),F14+D15-E15,"")
F16: =IF(OR(D16<>"",E16<>""),F15+D16-E16,"")
F17: =IF(OR(D17<>"",E17<>""),F16+D17-E17,"")
F18: =IF(OR(D18<>"",E18<>""),F17+D18-E18,"")
F19: =IF(OR(D19<>"",E19<>""),F18+D19-E19,"")
F20: =IF(OR(D20<>"",E20<>""),F19+D20-E20,"")
F21: =IF(OR(D21<>"",E21<>""),F20+D21-E21,"")
F22: =IF(OR(D22<>"",E22<>""),F21+D22-E22,"")
F23: =IF(OR(D23<>"",E23<>""),F22+D23-E23,"")
F24: =IF(OR(D24<>"",E24<>""),F23+D24-E24,"")
F25: =IF(OR(D25<>"",E25<>""),F24+D25-E25,"")
... F52: =IF(OR(D52<>"",E52<>""),F51+D52-E52,"")

Sheet T082502
A1: ⬅ BACK TO REPORT | J1: POLY 2000 TEX 60 M-139003 | K1: =SUMIF(J9:J52,J1,K9:K52) -> 0
A2: Vendor Name | C2: TAURUS HOME | D2: Invoice Amount
A3: Place | D3: In | E3: =SUM(D9:D100) -> 328
A4: Style / Po No.: | C4: TRS-0825-02 BROWN | D4: Out | E4: =SUM(E9:E100) -> 310
A5: Invoice Date | C5: PART BILLING | D5: Bal Qty | E5: {=LOOKUP(9,1/(F:F<>""),F:F)} -> 18
A6: Invoice Number | D6: Unit | E6: PCS
H7: WORK ORDER NO. EO/2025A/173 | K7: =SUM(K9:K102) -> 568
A8: Date | B8: Challan No. | C8: Size | D8: Inward Qty | E8: Outward Qty | F8: Balance | H8: Date | I8: Challan No. | J8: Item | K8: Qty | L8: Unit | M8: For
A9: 46094 | B9: EI/2025A/367 | C9: 12X27" NUTMEG CUT | D9: 316 | F9: =D9-E9 -> 316 | H9: 46093 | I9: AI/2025A/1366 | J9: THR-EMB-CTN-1100MTR 2PLY R-31926 | K9: 284 | L9: CONE | M9: 260/TRS-0825-02 BROWN
A10: 46094 | B10: 3118 | D10: 12 | F10: =IF(OR(D10<>"",E10<>""),F9+D10-E10,"") -> 328 | H10: 46093 | I10: AI/2025A/1366 | J10: THR-EMB-POLY-2000 TEX 60M-140611 | K10: 284 | L10: CONE | M10: 260/TRS-0825-02 BROWN
A11: 46100 | B11: 1724 | C11: MC BILL NO. 512 | E11: 2 | F11: =IF(OR(D11<>"",E11<>""),F10+D11-E11,"") -> 326
A12: 46106 | B12: 1733 | C12: QTY 220 PCS | E12: 16 | F12: =IF(OR(D12<>"",E12<>""),F11+D12-E12,"") -> 310
A13: 46110 | B13: 1738 | C13: 46112 | E13: 202 | F13: =IF(OR(D13<>"",E13<>""),F12+D13-E13,"") -> 108
A14: 46113 | B14: 1746 | E14: 90 | F14: =IF(OR(D14<>"",E14<>""),F13+D14-E14,"") -> 18
F15: =IF(OR(D15<>"",E15<>""),F14+D15-E15,"")
F16: =IF(OR(D16<>"",E16<>""),F15+D16-E16,"")
F17: =IF(OR(D17<>"",E17<>""),F16+D17-E17,"")
F18: =IF(OR(D18<>"",E18<>""),F17+D18-E18,"")
F19: =IF(OR(D19<>"",E19<>""),F18+D19-E19,"")
F20: =IF(OR(D20<>"",E20<>""),F19+D20-E20,"")
F21: =IF(OR(D21<>"",E21<>""),F20+D21-E21,"")
F22: =IF(OR(D22<>"",E22<>""),F21+D22-E22,"")
F23: =IF(OR(D23<>"",E23<>""),F22+D23-E23,"")
F24: =IF(OR(D24<>"",E24<>""),F23+D24-E24,"")
F25: =IF(OR(D25<>"",E25<>""),F24+D25-E25,"")
F26: =IF(OR(D26<>"",E26<>""),F25+D26-E26,"")
... F52: =IF(OR(D52<>"",E52<>""),F51+D52-E52,"")

Sheet T092531
A1: ⬅ BACK TO REPORT | J1: POLY 2000 TEX 60 M-139003 | K1: =SUMIF(J9:J52,J1,K9:K52) -> 0
A2: Vendor Name | C2: TAURUS HOME | D2: Invoice Amount
A3: Place | D3: In | E3: =SUM(D9:D100) -> 330
A4: Style / Po No.: | C4: TRS-0925-31 GREEN | D4: Out | E4: =SUM(E9:E100) -> 324
A5: Invoice Date | C5: PART BILLING | D5: Bal Qty | E5: {=LOOKUP(9,1/(F:F<>""),F:F)} -> 6
A6: Invoice Number | D6: Unit | E6: PCS
H7: WORK ORDER NO. EO/2025A/172 | K7: =SUM(K9:K102) -> 199
A8: Date | B8: Challan No. | C8: Size | D8: Inward Qty | E8: Outward Qty | F8: Balance | H8: Date | I8: Challan No. | J8: Item | K8: Qty | L8: Unit | M8: For
A9: 46094 | B9: EI/2025A/368 | C9: 20X20" GREEN MULTI CUT | D9: 316 | F9: =D9-E9 -> 316 | H9: 46093 | I9: AI/2025A/1365 | J9: THR-EMB-POLY-2000 TEX 60M-140608 | K9: 17 | L9: CONE | M9: 260/TRS-0925-31 GREEN
A10: 46094 | B10: 3118 | D10: 14 | F10: =IF(OR(D10<>"",E10<>""),F9+D10-E10,"") -> 330 | H10: 46093 | I10: AI/2025A/1365 | J10: THR-EMB-POLY-2000 TEX 60M-140610 | K10: 28 | L10: CONE | M10: 260/TRS-0925-31 GREEN
A11: 46097 | B11: 1717 | C11: MC513/31/03/2026 | E11: 15 | F11: =IF(OR(D11<>"",E11<>""),F10+D11-E11,"") -> 315 | H11: 46093 | I11: AI/2025A/1365 | J11: THR-EMB-POLY-2000 TEX 60M-141417 | K11: 10 | L11: CONE | M11: 260/TRS-0925-31 GREEN
A12: 45735 | B12: 1723 | C12: QTY 183 PCS | E12: 14 | F12: =IF(OR(D12<>"",E12<>""),F11+D12-E12,"") -> 301 | H12: 46093 | I12: AI/2025A/1365 | J12: THR-EMB-POLY-2000 TEX 60M-142257 | K12: 64 | L12: CONE | M12: 260/TRS-0925-31 GREEN
A13: 46111 | B13: 1739 | E13: 154 | F13: =IF(OR(D13<>"",E13<>""),F12+D13-E13,"") -> 147 | H13: 46093 | I13: AI/2025A/1365 | J13: THR-EMB-POLY-2000 TEX 60M-142258 | K13: 80 | L13: CONE | M13: 260/TRS-0925-31 GREEN
A14: 46113 | B14: 1745 | E14: 141 | F14: =IF(OR(D14<>"",E14<>""),F13+D14-E14,"") -> 6
F15: =IF(OR(D15<>"",E15<>""),F14+D15-E15,"")
F16: =IF(OR(D16<>"",E16<>""),F15+D16-E16,"")
F17: =IF(OR(D17<>"",E17<>""),F16+D17-E17,"")
F18: =IF(OR(D18<>"",E18<>""),F17+D18-E18,"")
F19: =IF(OR(D19<>"",E19<>""),F18+D19-E19,"")
F20: =IF(OR(D20<>"",E20<>""),F19+D20-E20,"")
F21: =IF(OR(D21<>"",E21<>""),F20+D21-E21,"")
F22: =IF(OR(D22<>"",E22<>""),F21+D22-E22,"")
F23: =IF(OR(D23<>"",E23<>""),F22+D23-E23,"")
F24: =IF(OR(D24<>"",E24<>""),F23+D24-E24,"")
F25: =IF(OR(D25<>"",E25<>""),F24+D25-E25,"")
F26: =IF(OR(D26<>"",E26<>""),F25+D26-E26,"")
... F52: =IF(OR(D52<>"",E52<>""),F51+D52-E52,"")

Sheet CRA
A1: ⬅ BACK TO REPORT | H1: ⬅ BACK TO REPORT | O1: ⬅ BACK TO REPORT | V1: ⬅ BACK TO REPORT | AC1: ⬅ BACK TO REPORT
A2: Vendor Name | C2: CRA CREATIVE PVT LTD | D2: Invoice Amount | H2: Vendor Name | J2: CRA CREATIVE PVT LTD | K2: Invoice Amount | O2: Vendor Name | Q2: CRA CREATIVE PVT LTD | R2: Invoice Amount | V2: Vendor Name | X2: CRA CREATIVE PVT LTD | Y2: Invoice Amount | AC2: Vendor Name | AE2: CRA CREATIVE PVT LTD | AF2: Invoice Amount
A3: Place | C3: PANIPAT | D3: In | E3: =SUM(D9:D100) -> 17942 | H3: Place | J3: PANIPAT | K3: In | L3: =SUM(K9:K100) -> 0 | O3: Place | Q3: PANIPAT | R3: In | S3: =SUM(R9:R100) -> 0 | V3: Place | X3: PANIPAT | Y3: In | Z3: =SUM(Y9:Y100) -> 0 | AC3: Place | AE3: PANIPAT | AF3: In | AG3: =SUM(AF9:AF100) -> 0
A4: Style / Po No.: | C4: COTTON PALLA WHITE | D4: Out | E4: =SUM(E9:E100) -> 18020 | H4: Style / Po No.: | J4: WHITE BED SHEET 108X114 | K4: Out | L4: =SUM(L9:L100) -> 105 | O4: Style / Po No.: | Q4: WHITE BED SHEET 96X114 | R4: Out | S4: =SUM(S9:S100) -> 65 | V4: Style / Po No.: | X4: WHITE BED SHEET 30X57 | Y4: Out | Z4: =SUM(Z9:Z100) -> 22 | AC4: Style / Po No.: | AE4: WHITE BED SHEET 114x78 | AF4: Out | AG4: =SUM(AG9:AG100) -> 40
A5: Invoice Date | D5: Bal Qty | E5: {=LOOKUP(9,1/(F:F<>""),F:F)} -> -78 | H5: Invoice Date | K5: Bal Qty | L5: {=LOOKUP(9,1/(M:M<>""),M:M)} -> -105 | O5: Invoice Date | R5: Bal Qty | S5: {=LOOKUP(9,1/(T:T<>""),T:T)} -> -65 | V5: Invoice Date | Y5: Bal Qty | Z5: {=LOOKUP(9,1/(AA:AA<>""),AA:AA)} -> -22 | AC5: Invoice Date | AF5: Bal Qty | AG5: {=LOOKUP(9,1/(AH:AH<>""),AH:AH)} -> -40
A6: Invoice Number | D6: Unit | E6: PCS | H6: Invoice Number | K6: Unit | L6: PCS | O6: Invoice Number | R6: Unit | S6: PCS | V6: Invoice Number | Y6: Unit | Z6: PCS | AC6: Invoice Number | AF6: Unit | AG6: PCS
A8: Date | B8: Challan No. | C8: Size | D8: Inward Qty | E8: Outward Qty | F8: Balance | H8: Date | I8: Challan No. | J8: Size | K8: Inward Qty | L8: Outward Qty | M8: Balance | O8: Date | P8: Challan No. | Q8: Size | R8: Inward Qty | S8: Outward Qty | T8: Balance | V8: Date | W8: Challan No. | X8: Size | Y8: Inward Qty | Z8: Outward Qty | AA8: Balance | AC8: Date | AD8: Challan No. | AE8: Size | AF8: Inward Qty | AG8: Outward Qty | AH8: Balance
A9: 46092 | B9: 965 | C9: COTTON PALLA WHITE | D9: 3174 | F9: =D9-E9 -> 3174 | H9: 46167 | I9: 37 | L9: 65 | M9: =K9-L9 -> -65 | O9: 46167 | P9: 37 | S9: 25 | T9: =R9-S9 -> -25 | V9: 46167 | W9: 37 | Z9: 22 | AA9: =Y9-Z9 -> -22 | AC9: 46174 | AD9: 43 | AE9: =AE4 -> WHITE BED SHEET 114x78 | AG9: 40 | AH9: =AF9-AG9 -> -40
A10: 46094 | B10: 970 | C10: COTTON PALLA WHITE | D10: 5784 | F10: =IF(OR(D10<>"",E10<>""),F9+D10-E10,"") -> 8958 | H10: 46174 | I10: 43 | L10: 40 | M10: =IF(OR(K10<>"",L10<>""),M9+K10-L10,"") -> -105 | O10: 46174 | P10: 43 | S10: 40 | T10: =IF(OR(R10<>"",S10<>""),T9+R10-S10,"") -> -65 | AA10: =IF(OR(Y10<>"",Z10<>""),AA9+Y10-Z10,"") | AH10: =IF(OR(AF10<>"",AG10<>""),AH9+AF10-AG10,"")
A11: 46098 | B11: 1720 | E11: 3200 | F11: =IF(OR(D11<>"",E11<>""),F10+D11-E11,"") -> 5758 | M11: =IF(OR(K11<>"",L11<>""),M10+K11-L11,"") | T11: =IF(OR(R11<>"",S11<>""),T10+R11-S11,"") | AA11: =IF(OR(Y11<>"",Z11<>""),AA10+Y11-Z11,"") | AH11: =IF(OR(AF11<>"",AG11<>""),AH10+AF11-AG11,"")
A12: 46098 | B12: 978 | D12: 3446 | F12: =IF(OR(D12<>"",E12<>""),F11+D12-E12,"") -> 9204 | M12: =IF(OR(K12<>"",L12<>""),M11+K12-L12,"") | T12: =IF(OR(R12<>"",S12<>""),T11+R12-S12,"") | AA12: =IF(OR(Y12<>"",Z12<>""),AA11+Y12-Z12,"") | AH12: =IF(OR(AF12<>"",AG12<>""),AH11+AF12-AG12,"")
A13: 46100 | B13: 1722 | E13: 400 | F13: =IF(OR(D13<>"",E13<>""),F12+D13-E13,"") -> 8804 | M13: =IF(OR(K13<>"",L13<>""),M12+K13-L13,"") | T13: =IF(OR(R13<>"",S13<>""),T12+R13-S13,"") | AA13: =IF(OR(Y13<>"",Z13<>""),AA12+Y13-Z13,"") | AH13: =IF(OR(AF13<>"",AG13<>""),AH12+AF13-AG13,"")
A14: 46100 | B14: 985 | D14: 5538 | F14: =IF(OR(D14<>"",E14<>""),F13+D14-E14,"") -> 14342 | M14: =IF(OR(K14<>"",L14<>""),M13+K14-L14,"") | T14: =IF(OR(R14<>"",S14<>""),T13+R14-S14,"") | AA14: =IF(OR(Y14<>"",Z14<>""),AA13+Y14-Z14,"") | AH14: =IF(OR(AF14<>"",AG14<>""),AH13+AF14-AG14,"")
A15: 46102 | B15: 1728 | E15: 1800 | F15: =IF(OR(D15<>"",E15<>""),F14+D15-E15,"") -> 12542 | M15: =IF(OR(K15<>"",L15<>""),M14+K15-L15,"") | T15: =IF(OR(R15<>"",S15<>""),T14+R15-S15,"") | AA15: =IF(OR(Y15<>"",Z15<>""),AA14+Y15-Z15,"") | AH15: =IF(OR(AF15<>"",AG15<>""),AH14+AF15-AG15,"")
A16: 46105 | B16: 1732 | E16: 1400 | F16: =IF(OR(D16<>"",E16<>""),F15+D16-E16,"") -> 11142 | M16: =IF(OR(K16<>"",L16<>""),M15+K16-L16,"") | T16: =IF(OR(R16<>"",S16<>""),T15+R16-S16,"") | AA16: =IF(OR(Y16<>"",Z16<>""),AA15+Y16-Z16,"") | AH16: =IF(OR(AF16<>"",AG16<>""),AH15+AF16-AG16,"")
A17: 46112 | B17: 1744 | C17: PLANE | E17: 1796 | F17: =IF(OR(D17<>"",E17<>""),F16+D17-E17,"") -> 9346 | M17: =IF(OR(K17<>"",L17<>""),M16+K17-L17,"") | T17: =IF(OR(R17<>"",S17<>""),T16+R17-S17,"") | AA17: =IF(OR(Y17<>"",Z17<>""),AA16+Y17-Z17,"") | AH17: =IF(OR(AF17<>"",AG17<>""),AH16+AF17-AG17,"")
A18: 46115 | B18: 1748 | E18: 4800 | F18: =IF(OR(D18<>"",E18<>""),F17+D18-E18,"") -> 4546 | M18: =IF(OR(K18<>"",L18<>""),M17+K18-L18,"") | T18: =IF(OR(R18<>"",S18<>""),T17+R18-S18,"") | AA18: =IF(OR(Y18<>"",Z18<>""),AA17+Y18-Z18,"") | AH18: =IF(OR(AF18<>"",AG18<>""),AH17+AF18-AG18,"")
A19: 46121 | B19: 1806 | E19: 4624 | F19: =IF(OR(D19<>"",E19<>""),F18+D19-E19,"") -> -78 | M19: =IF(OR(K19<>"",L19<>""),M18+K19-L19,"") | T19: =IF(OR(R19<>"",S19<>""),T18+R19-S19,"") | AA19: =IF(OR(Y19<>"",Z19<>""),AA18+Y19-Z19,"") | AH19: =IF(OR(AF19<>"",AG19<>""),AH18+AF19-AG19,"")
F20: =IF(OR(D20<>"",E20<>""),F19+D20-E20,"") | M20: =IF(OR(K20<>"",L20<>""),M19+K20-L20,"") | T20: =IF(OR(R20<>"",S20<>""),T19+R20-S20,"") | AA20: =IF(OR(Y20<>"",Z20<>""),AA19+Y20-Z20,"") | AH20: =IF(OR(AF20<>"",AG20<>""),AH19+AF20-AG20,"")
F21: =IF(OR(D21<>"",E21<>""),F20+D21-E21,"") | M21: =IF(OR(K21<>"",L21<>""),M20+K21-L21,"") | T21: =IF(OR(R21<>"",S21<>""),T20+R21-S21,"") | AA21: =IF(OR(Y21<>"",Z21<>""),AA20+Y21-Z21,"") | AH21: =IF(OR(AF21<>"",AG21<>""),AH20+AF21-AG21,"")
F22: =IF(OR(D22<>"",E22<>""),F21+D22-E22,"") | M22: =IF(OR(K22<>"",L22<>""),M21+K22-L22,"") | T22: =IF(OR(R22<>"",S22<>""),T21+R22-S22,"") | AA22: =IF(OR(Y22<>"",Z22<>""),AA21+Y22-Z22,"") | AH22: =IF(OR(AF22<>"",AG22<>""),AH21+AF22-AG22,"")
F23: =IF(OR(D23<>"",E23<>""),F22+D23-E23,"") | M23: =IF(OR(K23<>"",L23<>""),M22+K23-L23,"") | T23: =IF(OR(R23<>"",S23<>""),T22+R23-S23,"") | AA23: =IF(OR(Y23<>"",Z23<>""),AA22+Y23-Z23,"") | AH23: =IF(OR(AF23<>"",AG23<>""),AH22+AF23-AG23,"")
F24: =IF(OR(D24<>"",E24<>""),F23+D24-E24,"") | M24: =IF(OR(K24<>"",L24<>""),M23+K24-L24,"") | T24: =IF(OR(R24<>"",S24<>""),T23+R24-S24,"") | AA24: =IF(OR(Y24<>"",Z24<>""),AA23+Y24-Z24,"") | AH24: =IF(OR(AF24<>"",AG24<>""),AH23+AF24-AG24,"")
F25: =IF(OR(D25<>"",E25<>""),F24+D25-E25,"") | M25: =IF(OR(K25<>"",L25<>""),M24+K25-L25,"") | T25: =IF(OR(R25<>"",S25<>""),T24+R25-S25,"") | AA25: =IF(OR(Y25<>"",Z25<>""),AA24+Y25-Z25,"") | AH25: =IF(OR(AF25<>"",AG25<>""),AH24+AF25-AG25,"")
F26: =IF(OR(D26<>"",E26<>""),F25+D26-E26,"") | M26: =IF(OR(K26<>"",L26<>""),M25+K26-L26,"") | T26: =IF(OR(R26<>"",S26<>""),T25+R26-S26,"") | AA26: =IF(OR(Y26<>"",Z26<>""),AA25+Y26-Z26,"") | AH26: =IF(OR(AF26<>"",AG26<>""),AH25+AF26-AG26,"")
F27: =IF(OR(D27<>"",E27<>""),F26+D27-E27,"") | M27: =IF(OR(K27<>"",L27<>""),M26+K27-L27,"") | T27: =IF(OR(R27<>"",S27<>""),T26+R27-S27,"") | AA27: =IF(OR(Y27<>"",Z27<>""),AA26+Y27-Z27,"") | AH27: =IF(OR(AF27<>"",AG27<>""),AH26+AF27-AG27,"")
F28: =IF(OR(D28<>"",E28<>""),F27+D28-E28,"") | M28: =IF(OR(K28<>"",L28<>""),M27+K28-L28,"") | T28: =IF(OR(R28<>"",S28<>""),T27+R28-S28,"") | AA28: =IF(OR(Y28<>"",Z28<>""),AA27+Y28-Z28,"") | AH28: =IF(OR(AF28<>"",AG28<>""),AH27+AF28-AG28,"")
